; Sphere toolpath for AR2 6-axis arm
G21
G90
G92 E0
G1 X0.000 Y0.000 Z45.000 F1200
G1 X2.091 Y0.000 Z5.110 E0.0200 F800
G1 X2.085 Y0.146 Z5.110 E0.0400 F800
G1 X2.070 Y0.291 Z5.110 E0.0600 F800
G1 X2.045 Y0.435 Z5.110 E0.0800 F800
G1 X2.010 Y0.576 Z5.110 E0.1000 F800
G1 X1.964 Y0.715 Z5.110 E0.1200 F800
G1 X1.910 Y0.850 Z5.110 E0.1400 F800
G1 X1.846 Y0.981 Z5.110 E0.1600 F800
G1 X1.773 Y1.108 Z5.110 E0.1800 F800
G1 X1.691 Y1.229 Z5.110 E0.2000 F800
G1 X1.601 Y1.344 Z5.110 E0.2200 F800
G1 X1.504 Y1.452 Z5.110 E0.2400 F800
G1 X1.399 Y1.554 Z5.110 E0.2600 F800
G1 X1.287 Y1.647 Z5.110 E0.2800 F800
G1 X1.169 Y1.733 Z5.110 E0.3000 F800
G1 X1.045 Y1.810 Z5.110 E0.3200 F800
G1 X0.916 Y1.879 Z5.110 E0.3400 F800
G1 X0.783 Y1.938 Z5.110 E0.3600 F800
G1 X0.646 Y1.988 Z5.110 E0.3800 F800
G1 X0.506 Y2.028 Z5.110 E0.4000 F800
G1 X0.363 Y2.059 Z5.110 E0.4200 F800
G1 X0.219 Y2.079 Z5.110 E0.4400 F800
G1 X0.073 Y2.089 Z5.110 E0.4600 F800
G1 X-0.073 Y2.089 Z5.110 E0.4800 F800
G1 X-0.219 Y2.079 Z5.110 E0.5000 F800
G1 X-0.363 Y2.059 Z5.110 E0.5200 F800
G1 X-0.506 Y2.028 Z5.110 E0.5400 F800
G1 X-0.646 Y1.988 Z5.110 E0.5600 F800
G1 X-0.783 Y1.938 Z5.110 E0.5800 F800
G1 X-0.916 Y1.879 Z5.110 E0.6000 F800
G1 X-1.045 Y1.810 Z5.110 E0.6200 F800
G1 X-1.169 Y1.733 Z5.110 E0.6400 F800
G1 X-1.287 Y1.647 Z5.110 E0.6600 F800
G1 X-1.399 Y1.554 Z5.110 E0.6800 F800
G1 X-1.504 Y1.452 Z5.110 E0.7000 F800
G1 X-1.601 Y1.344 Z5.110 E0.7200 F800
G1 X-1.691 Y1.229 Z5.110 E0.7400 F800
G1 X-1.773 Y1.108 Z5.110 E0.7600 F800
G1 X-1.846 Y0.981 Z5.110 E0.7800 F800
G1 X-1.910 Y0.850 Z5.110 E0.8000 F800
G1 X-1.964 Y0.715 Z5.110 E0.8200 F800
G1 X-2.010 Y0.576 Z5.110 E0.8400 F800
G1 X-2.045 Y0.435 Z5.110 E0.8600 F800
G1 X-2.070 Y0.291 Z5.110 E0.8800 F800
G1 X-2.085 Y0.146 Z5.110 E0.9000 F800
G1 X-2.091 Y0.000 Z5.110 E0.9200 F800
G1 X-2.085 Y-0.146 Z5.110 E0.9400 F800
G1 X-2.070 Y-0.291 Z5.110 E0.9600 F800
G1 X-2.045 Y-0.435 Z5.110 E0.9800 F800
G1 X-2.010 Y-0.576 Z5.110 E1.0000 F800
G1 X-1.964 Y-0.715 Z5.110 E1.0200 F800
G1 X-1.910 Y-0.850 Z5.110 E1.0400 F800
G1 X-1.846 Y-0.981 Z5.110 E1.0600 F800
G1 X-1.773 Y-1.108 Z5.110 E1.0800 F800
G1 X-1.691 Y-1.229 Z5.110 E1.1000 F800
G1 X-1.601 Y-1.344 Z5.110 E1.1200 F800
G1 X-1.504 Y-1.452 Z5.110 E1.1400 F800
G1 X-1.399 Y-1.554 Z5.110 E1.1600 F800
G1 X-1.287 Y-1.647 Z5.110 E1.1800 F800
G1 X-1.169 Y-1.733 Z5.110 E1.2000 F800
G1 X-1.045 Y-1.810 Z5.110 E1.2200 F800
G1 X-0.916 Y-1.879 Z5.110 E1.2400 F800
G1 X-0.783 Y-1.938 Z5.110 E1.2600 F800
G1 X-0.646 Y-1.988 Z5.110 E1.2800 F800
G1 X-0.506 Y-2.028 Z5.110 E1.3000 F800
G1 X-0.363 Y-2.059 Z5.110 E1.3200 F800
G1 X-0.219 Y-2.079 Z5.110 E1.3400 F800
G1 X-0.073 Y-2.089 Z5.110 E1.3600 F800
G1 X0.073 Y-2.089 Z5.110 E1.3800 F800
G1 X0.219 Y-2.079 Z5.110 E1.4000 F800
G1 X0.363 Y-2.059 Z5.110 E1.4200 F800
G1 X0.506 Y-2.028 Z5.110 E1.4400 F800
G1 X0.646 Y-1.988 Z5.110 E1.4600 F800
G1 X0.783 Y-1.938 Z5.110 E1.4800 F800
G1 X0.916 Y-1.879 Z5.110 E1.5000 F800
G1 X1.045 Y-1.810 Z5.110 E1.5200 F800
G1 X1.169 Y-1.733 Z5.110 E1.5400 F800
G1 X1.287 Y-1.647 Z5.110 E1.5600 F800
G1 X1.399 Y-1.554 Z5.110 E1.5800 F800
G1 X1.504 Y-1.452 Z5.110 E1.6000 F800
G1 X1.601 Y-1.344 Z5.110 E1.6200 F800
G1 X1.691 Y-1.229 Z5.110 E1.6400 F800
G1 X1.773 Y-1.108 Z5.110 E1.6600 F800
G1 X1.846 Y-0.981 Z5.110 E1.6800 F800
G1 X1.910 Y-0.850 Z5.110 E1.7000 F800
G1 X1.964 Y-0.715 Z5.110 E1.7200 F800
G1 X2.010 Y-0.576 Z5.110 E1.7400 F800
G1 X2.045 Y-0.435 Z5.110 E1.7600 F800
G1 X2.070 Y-0.291 Z5.110 E1.7800 F800
G1 X2.085 Y-0.146 Z5.110 E1.8000 F800
G1 X2.091 Y-0.000 Z5.110 E1.8200 F800
G1 X4.158 Y-0.000 Z5.437 E1.8400 F800
G1 X4.148 Y-0.290 Z5.437 E1.8600 F800
G1 X4.118 Y-0.579 Z5.437 E1.8800 F800
G1 X4.067 Y-0.865 Z5.437 E1.9000 F800
G1 X3.997 Y-1.146 Z5.437 E1.9200 F800
G1 X3.907 Y-1.422 Z5.437 E1.9400 F800
G1 X3.799 Y-1.691 Z5.437 E1.9600 F800
G1 X3.672 Y-1.952 Z5.437 E1.9800 F800
G1 X3.526 Y-2.204 Z5.437 E2.0000 F800
G1 X3.364 Y-2.444 Z5.437 E2.0200 F800
G1 X3.185 Y-2.673 Z5.437 E2.0400 F800
G1 X2.991 Y-2.889 Z5.437 E2.0600 F800
G1 X2.782 Y-3.090 Z5.437 E2.0800 F800
G1 X2.560 Y-3.277 Z5.437 E2.1000 F800
G1 X2.325 Y-3.447 Z5.437 E2.1200 F800
G1 X2.079 Y-3.601 Z5.437 E2.1400 F800
G1 X1.823 Y-3.737 Z5.437 E2.1600 F800
G1 X1.558 Y-3.855 Z5.437 E2.1800 F800
G1 X1.285 Y-3.955 Z5.437 E2.2000 F800
G1 X1.006 Y-4.035 Z5.437 E2.2200 F800
G1 X0.722 Y-4.095 Z5.437 E2.2400 F800
G1 X0.435 Y-4.135 Z5.437 E2.2600 F800
G1 X0.145 Y-4.156 Z5.437 E2.2800 F800
G1 X-0.145 Y-4.156 Z5.437 E2.3000 F800
G1 X-0.435 Y-4.135 Z5.437 E2.3200 F800
G1 X-0.722 Y-4.095 Z5.437 E2.3400 F800
G1 X-1.006 Y-4.035 Z5.437 E2.3600 F800
G1 X-1.285 Y-3.955 Z5.437 E2.3800 F800
G1 X-1.558 Y-3.855 Z5.437 E2.4000 F800
G1 X-1.823 Y-3.737 Z5.437 E2.4200 F800
G1 X-2.079 Y-3.601 Z5.437 E2.4400 F800
G1 X-2.325 Y-3.447 Z5.437 E2.4600 F800
G1 X-2.560 Y-3.277 Z5.437 E2.4800 F800
G1 X-2.782 Y-3.090 Z5.437 E2.5000 F800
G1 X-2.991 Y-2.889 Z5.437 E2.5200 F800
G1 X-3.185 Y-2.673 Z5.437 E2.5400 F800
G1 X-3.364 Y-2.444 Z5.437 E2.5600 F800
G1 X-3.526 Y-2.204 Z5.437 E2.5800 F800
G1 X-3.672 Y-1.952 Z5.437 E2.6000 F800
G1 X-3.799 Y-1.691 Z5.437 E2.6200 F800
G1 X-3.907 Y-1.422 Z5.437 E2.6400 F800
G1 X-3.997 Y-1.146 Z5.437 E2.6600 F800
G1 X-4.067 Y-0.865 Z5.437 E2.6800 F800
G1 X-4.118 Y-0.579 Z5.437 E2.7000 F800
G1 X-4.148 Y-0.290 Z5.437 E2.7200 F800
G1 X-4.158 Y0.000 Z5.437 E2.7400 F800
G1 X-4.148 Y0.290 Z5.437 E2.7600 F800
G1 X-4.118 Y0.579 Z5.437 E2.7800 F800
G1 X-4.067 Y0.865 Z5.437 E2.8000 F800
G1 X-3.997 Y1.146 Z5.437 E2.8200 F800
G1 X-3.907 Y1.422 Z5.437 E2.8400 F800
G1 X-3.799 Y1.691 Z5.437 E2.8600 F800
G1 X-3.672 Y1.952 Z5.437 E2.8800 F800
G1 X-3.526 Y2.204 Z5.437 E2.9000 F800
G1 X-3.364 Y2.444 Z5.437 E2.9200 F800
G1 X-3.185 Y2.673 Z5.437 E2.9400 F800
G1 X-2.991 Y2.889 Z5.437 E2.9600 F800
G1 X-2.782 Y3.090 Z5.437 E2.9800 F800
G1 X-2.560 Y3.277 Z5.437 E3.0000 F800
G1 X-2.325 Y3.447 Z5.437 E3.0200 F800
G1 X-2.079 Y3.601 Z5.437 E3.0400 F800
G1 X-1.823 Y3.737 Z5.437 E3.0600 F800
G1 X-1.558 Y3.855 Z5.437 E3.0800 F800
G1 X-1.285 Y3.955 Z5.437 E3.1000 F800
G1 X-1.006 Y4.035 Z5.437 E3.1200 F800
G1 X-0.722 Y4.095 Z5.437 E3.1400 F800
G1 X-0.435 Y4.135 Z5.437 E3.1600 F800
G1 X-0.145 Y4.156 Z5.437 E3.1800 F800
G1 X0.145 Y4.156 Z5.437 E3.2000 F800
G1 X0.435 Y4.135 Z5.437 E3.2200 F800
G1 X0.722 Y4.095 Z5.437 E3.2400 F800
G1 X1.006 Y4.035 Z5.437 E3.2600 F800
G1 X1.285 Y3.955 Z5.437 E3.2800 F800
G1 X1.558 Y3.855 Z5.437 E3.3000 F800
G1 X1.823 Y3.737 Z5.437 E3.3200 F800
G1 X2.079 Y3.601 Z5.437 E3.3400 F800
G1 X2.325 Y3.447 Z5.437 E3.3600 F800
G1 X2.560 Y3.277 Z5.437 E3.3800 F800
G1 X2.782 Y3.090 Z5.437 E3.4000 F800
G1 X2.991 Y2.889 Z5.437 E3.4200 F800
G1 X3.185 Y2.673 Z5.437 E3.4400 F800
G1 X3.364 Y2.444 Z5.437 E3.4600 F800
G1 X3.526 Y2.204 Z5.437 E3.4800 F800
G1 X3.672 Y1.952 Z5.437 E3.5000 F800
G1 X3.799 Y1.691 Z5.437 E3.5200 F800
G1 X3.907 Y1.422 Z5.437 E3.5400 F800
G1 X3.997 Y1.146 Z5.437 E3.5600 F800
G1 X4.067 Y0.865 Z5.437 E3.5800 F800
G1 X4.118 Y0.579 Z5.437 E3.6000 F800
G1 X4.148 Y0.290 Z5.437 E3.6200 F800
G1 X4.158 Y0.000 Z5.437 E3.6400 F800
G1 X6.180 Y0.000 Z5.979 E3.6600 F800
G1 X6.165 Y0.431 Z5.979 E3.6800 F800
G1 X6.120 Y0.860 Z5.979 E3.7000 F800
G1 X6.045 Y1.285 Z5.979 E3.7200 F800
G1 X5.941 Y1.704 Z5.979 E3.7400 F800
G1 X5.808 Y2.114 Z5.979 E3.7600 F800
G1 X5.646 Y2.514 Z5.979 E3.7800 F800
G1 X5.457 Y2.901 Z5.979 E3.8000 F800
G1 X5.241 Y3.275 Z5.979 E3.8200 F800
G1 X5.000 Y3.633 Z5.979 E3.8400 F800
G1 X4.734 Y3.973 Z5.979 E3.8600 F800
G1 X4.446 Y4.293 Z5.979 E3.8800 F800
G1 X4.135 Y4.593 Z5.979 E3.9000 F800
G1 X3.805 Y4.870 Z5.979 E3.9200 F800
G1 X3.456 Y5.124 Z5.979 E3.9400 F800
G1 X3.090 Y5.352 Z5.979 E3.9600 F800
G1 X2.709 Y5.555 Z5.979 E3.9800 F800
G1 X2.315 Y5.730 Z5.979 E4.0000 F800
G1 X1.910 Y5.878 Z5.979 E4.0200 F800
G1 X1.495 Y5.997 Z5.979 E4.0400 F800
G1 X1.073 Y6.086 Z5.979 E4.0600 F800
G1 X0.646 Y6.146 Z5.979 E4.0800 F800
G1 X0.216 Y6.177 Z5.979 E4.1000 F800
G1 X-0.216 Y6.177 Z5.979 E4.1200 F800
G1 X-0.646 Y6.146 Z5.979 E4.1400 F800
G1 X-1.073 Y6.086 Z5.979 E4.1600 F800
G1 X-1.495 Y5.997 Z5.979 E4.1800 F800
G1 X-1.910 Y5.878 Z5.979 E4.2000 F800
G1 X-2.315 Y5.730 Z5.979 E4.2200 F800
G1 X-2.709 Y5.555 Z5.979 E4.2400 F800
G1 X-3.090 Y5.352 Z5.979 E4.2600 F800
G1 X-3.456 Y5.124 Z5.979 E4.2800 F800
G1 X-3.805 Y4.870 Z5.979 E4.3000 F800
G1 X-4.135 Y4.593 Z5.979 E4.3200 F800
G1 X-4.446 Y4.293 Z5.979 E4.3400 F800
G1 X-4.734 Y3.973 Z5.979 E4.3600 F800
G1 X-5.000 Y3.633 Z5.979 E4.3800 F800
G1 X-5.241 Y3.275 Z5.979 E4.4000 F800
G1 X-5.457 Y2.901 Z5.979 E4.4200 F800
G1 X-5.646 Y2.514 Z5.979 E4.4400 F800
G1 X-5.808 Y2.114 Z5.979 E4.4600 F800
G1 X-5.941 Y1.704 Z5.979 E4.4800 F800
G1 X-6.045 Y1.285 Z5.979 E4.5000 F800
G1 X-6.120 Y0.860 Z5.979 E4.5200 F800
G1 X-6.165 Y0.431 Z5.979 E4.5400 F800
G1 X-6.180 Y0.000 Z5.979 E4.5600 F800
G1 X-6.165 Y-0.431 Z5.979 E4.5800 F800
G1 X-6.120 Y-0.860 Z5.979 E4.6000 F800
G1 X-6.045 Y-1.285 Z5.979 E4.6200 F800
G1 X-5.941 Y-1.704 Z5.979 E4.6400 F800
G1 X-5.808 Y-2.114 Z5.979 E4.6600 F800
G1 X-5.646 Y-2.514 Z5.979 E4.6800 F800
G1 X-5.457 Y-2.901 Z5.979 E4.7000 F800
G1 X-5.241 Y-3.275 Z5.979 E4.7200 F800
G1 X-5.000 Y-3.633 Z5.979 E4.7400 F800
G1 X-4.734 Y-3.973 Z5.979 E4.7600 F800
G1 X-4.446 Y-4.293 Z5.979 E4.7800 F800
G1 X-4.135 Y-4.593 Z5.979 E4.8000 F800
G1 X-3.805 Y-4.870 Z5.979 E4.8200 F800
G1 X-3.456 Y-5.124 Z5.979 E4.8400 F800
G1 X-3.090 Y-5.352 Z5.979 E4.8600 F800
G1 X-2.709 Y-5.555 Z5.979 E4.8800 F800
G1 X-2.315 Y-5.730 Z5.979 E4.9000 F800
G1 X-1.910 Y-5.878 Z5.979 E4.9200 F800
G1 X-1.495 Y-5.997 Z5.979 E4.9400 F800
G1 X-1.073 Y-6.086 Z5.979 E4.9600 F800
G1 X-0.646 Y-6.146 Z5.979 E4.9800 F800
G1 X-0.216 Y-6.177 Z5.979 E5.0000 F800
G1 X0.216 Y-6.177 Z5.979 E5.0200 F800
G1 X0.646 Y-6.146 Z5.979 E5.0400 F800
G1 X1.073 Y-6.086 Z5.979 E5.0600 F800
G1 X1.495 Y-5.997 Z5.979 E5.0800 F800
G1 X1.910 Y-5.878 Z5.979 E5.1000 F800
G1 X2.315 Y-5.730 Z5.979 E5.1200 F800
G1 X2.709 Y-5.555 Z5.979 E5.1400 F800
G1 X3.090 Y-5.352 Z5.979 E5.1600 F800
G1 X3.456 Y-5.124 Z5.979 E5.1800 F800
G1 X3.805 Y-4.870 Z5.979 E5.2000 F800
G1 X4.135 Y-4.593 Z5.979 E5.2200 F800
G1 X4.446 Y-4.293 Z5.979 E5.2400 F800
G1 X4.734 Y-3.973 Z5.979 E5.2600 F800
G1 X5.000 Y-3.633 Z5.979 E5.2800 F800
G1 X5.241 Y-3.275 Z5.979 E5.3000 F800
G1 X5.457 Y-2.901 Z5.979 E5.3200 F800
G1 X5.646 Y-2.514 Z5.979 E5.3400 F800
G1 X5.808 Y-2.114 Z5.979 E5.3600 F800
G1 X5.941 Y-1.704 Z5.979 E5.3800 F800
G1 X6.045 Y-1.285 Z5.979 E5.4000 F800
G1 X6.120 Y-0.860 Z5.979 E5.4200 F800
G1 X6.165 Y-0.431 Z5.979 E5.4400 F800
G1 X6.180 Y-0.000 Z5.979 E5.4600 F800
G1 X8.135 Y-0.000 Z6.729 E5.4800 F800
G1 X8.115 Y-0.567 Z6.729 E5.5000 F800
G1 X8.056 Y-1.132 Z6.729 E5.5200 F800
G1 X7.957 Y-1.691 Z6.729 E5.5400 F800
G1 X7.820 Y-2.242 Z6.729 E5.5600 F800
G1 X7.644 Y-2.782 Z6.729 E5.5800 F800
G1 X7.431 Y-3.309 Z6.729 E5.6000 F800
G1 X7.183 Y-3.819 Z6.729 E5.6200 F800
G1 X6.899 Y-4.311 Z6.729 E5.6400 F800
G1 X6.581 Y-4.781 Z6.729 E5.6600 F800
G1 X6.232 Y-5.229 Z6.729 E5.6800 F800
G1 X5.852 Y-5.651 Z6.729 E5.7000 F800
G1 X5.443 Y-6.045 Z6.729 E5.7200 F800
G1 X5.008 Y-6.410 Z6.729 E5.7400 F800
G1 X4.549 Y-6.744 Z6.729 E5.7600 F800
G1 X4.067 Y-7.045 Z6.729 E5.7800 F800
G1 X3.566 Y-7.311 Z6.729 E5.8000 F800
G1 X3.047 Y-7.542 Z6.729 E5.8200 F800
G1 X2.514 Y-7.737 Z6.729 E5.8400 F800
G1 X1.968 Y-7.893 Z6.729 E5.8600 F800
G1 X1.413 Y-8.011 Z6.729 E5.8800 F800
G1 X0.850 Y-8.090 Z6.729 E5.9000 F800
G1 X0.284 Y-8.130 Z6.729 E5.9200 F800
G1 X-0.284 Y-8.130 Z6.729 E5.9400 F800
G1 X-0.850 Y-8.090 Z6.729 E5.9600 F800
G1 X-1.413 Y-8.011 Z6.729 E5.9800 F800
G1 X-1.968 Y-7.893 Z6.729 E6.0000 F800
G1 X-2.514 Y-7.737 Z6.729 E6.0200 F800
G1 X-3.047 Y-7.542 Z6.729 E6.0400 F800
G1 X-3.566 Y-7.311 Z6.729 E6.0600 F800
G1 X-4.067 Y-7.045 Z6.729 E6.0800 F800
G1 X-4.549 Y-6.744 Z6.729 E6.1000 F800
G1 X-5.008 Y-6.410 Z6.729 E6.1200 F800
G1 X-5.443 Y-6.045 Z6.729 E6.1400 F800
G1 X-5.852 Y-5.651 Z6.729 E6.1600 F800
G1 X-6.232 Y-5.229 Z6.729 E6.1800 F800
G1 X-6.581 Y-4.781 Z6.729 E6.2000 F800
G1 X-6.899 Y-4.311 Z6.729 E6.2200 F800
G1 X-7.183 Y-3.819 Z6.729 E6.2400 F800
G1 X-7.431 Y-3.309 Z6.729 E6.2600 F800
G1 X-7.644 Y-2.782 Z6.729 E6.2800 F800
G1 X-7.820 Y-2.242 Z6.729 E6.3000 F800
G1 X-7.957 Y-1.691 Z6.729 E6.3200 F800
G1 X-8.056 Y-1.132 Z6.729 E6.3400 F800
G1 X-8.115 Y-0.567 Z6.729 E6.3600 F800
G1 X-8.135 Y0.000 Z6.729 E6.3800 F800
G1 X-8.115 Y0.567 Z6.729 E6.4000 F800
G1 X-8.056 Y1.132 Z6.729 E6.4200 F800
G1 X-7.957 Y1.691 Z6.729 E6.4400 F800
G1 X-7.820 Y2.242 Z6.729 E6.4600 F800
G1 X-7.644 Y2.782 Z6.729 E6.4800 F800
G1 X-7.431 Y3.309 Z6.729 E6.5000 F800
G1 X-7.183 Y3.819 Z6.729 E6.5200 F800
G1 X-6.899 Y4.311 Z6.729 E6.5400 F800
G1 X-6.581 Y4.781 Z6.729 E6.5600 F800
G1 X-6.232 Y5.229 Z6.729 E6.5800 F800
G1 X-5.852 Y5.651 Z6.729 E6.6000 F800
G1 X-5.443 Y6.045 Z6.729 E6.6200 F800
G1 X-5.008 Y6.410 Z6.729 E6.6400 F800
G1 X-4.549 Y6.744 Z6.729 E6.6600 F800
G1 X-4.067 Y7.045 Z6.729 E6.6800 F800
G1 X-3.566 Y7.311 Z6.729 E6.7000 F800
G1 X-3.047 Y7.542 Z6.729 E6.7200 F800
G1 X-2.514 Y7.737 Z6.729 E6.7400 F800
G1 X-1.968 Y7.893 Z6.729 E6.7600 F800
G1 X-1.413 Y8.011 Z6.729 E6.7800 F800
G1 X-0.850 Y8.090 Z6.729 E6.8000 F800
G1 X-0.284 Y8.130 Z6.729 E6.8200 F800
G1 X0.284 Y8.130 Z6.729 E6.8400 F800
G1 X0.850 Y8.090 Z6.729 E6.8600 F800
G1 X1.413 Y8.011 Z6.729 E6.8800 F800
G1 X1.968 Y7.893 Z6.729 E6.9000 F800
G1 X2.514 Y7.737 Z6.729 E6.9200 F800
G1 X3.047 Y7.542 Z6.729 E6.9400 F800
G1 X3.566 Y7.311 Z6.729 E6.9600 F800
G1 X4.067 Y7.045 Z6.729 E6.9800 F800
G1 X4.549 Y6.744 Z6.729 E7.0000 F800
G1 X5.008 Y6.410 Z6.729 E7.0200 F800
G1 X5.443 Y6.045 Z6.729 E7.0400 F800
G1 X5.852 Y5.651 Z6.729 E7.0600 F800
G1 X6.232 Y5.229 Z6.729 E7.0800 F800
G1 X6.581 Y4.781 Z6.729 E7.1000 F800
G1 X6.899 Y4.311 Z6.729 E7.1200 F800
G1 X7.183 Y3.819 Z6.729 E7.1400 F800
G1 X7.431 Y3.309 Z6.729 E7.1600 F800
G1 X7.644 Y2.782 Z6.729 E7.1800 F800
G1 X7.820 Y2.242 Z6.729 E7.2000 F800
G1 X7.957 Y1.691 Z6.729 E7.2200 F800
G1 X8.056 Y1.132 Z6.729 E7.2400 F800
G1 X8.115 Y0.567 Z6.729 E7.2600 F800
G1 X8.135 Y0.000 Z6.729 E7.2800 F800
G1 X10.000 Y0.000 Z7.679 E7.3000 F800
G1 X9.976 Y0.698 Z7.679 E7.3200 F800
G1 X9.903 Y1.392 Z7.679 E7.3400 F800
G1 X9.781 Y2.079 Z7.679 E7.3600 F800
G1 X9.613 Y2.756 Z7.679 E7.3800 F800
G1 X9.397 Y3.420 Z7.679 E7.4000 F800
G1 X9.135 Y4.067 Z7.679 E7.4200 F800
G1 X8.829 Y4.695 Z7.679 E7.4400 F800
G1 X8.480 Y5.299 Z7.679 E7.4600 F800
G1 X8.090 Y5.878 Z7.679 E7.4800 F800
G1 X7.660 Y6.428 Z7.679 E7.5000 F800
G1 X7.193 Y6.947 Z7.679 E7.5200 F800
G1 X6.691 Y7.431 Z7.679 E7.5400 F800
G1 X6.157 Y7.880 Z7.679 E7.5600 F800
G1 X5.592 Y8.290 Z7.679 E7.5800 F800
G1 X5.000 Y8.660 Z7.679 E7.6000 F800
G1 X4.384 Y8.988 Z7.679 E7.6200 F800
G1 X3.746 Y9.272 Z7.679 E7.6400 F800
G1 X3.090 Y9.511 Z7.679 E7.6600 F800
G1 X2.419 Y9.703 Z7.679 E7.6800 F800
G1 X1.736 Y9.848 Z7.679 E7.7000 F800
G1 X1.045 Y9.945 Z7.679 E7.7200 F800
G1 X0.349 Y9.994 Z7.679 E7.7400 F800
G1 X-0.349 Y9.994 Z7.679 E7.7600 F800
G1 X-1.045 Y9.945 Z7.679 E7.7800 F800
G1 X-1.736 Y9.848 Z7.679 E7.8000 F800
G1 X-2.419 Y9.703 Z7.679 E7.8200 F800
G1 X-3.090 Y9.511 Z7.679 E7.8400 F800
G1 X-3.746 Y9.272 Z7.679 E7.8600 F800
G1 X-4.384 Y8.988 Z7.679 E7.8800 F800
G1 X-5.000 Y8.660 Z7.679 E7.9000 F800
G1 X-5.592 Y8.290 Z7.679 E7.9200 F800
G1 X-6.157 Y7.880 Z7.679 E7.9400 F800
G1 X-6.691 Y7.431 Z7.679 E7.9600 F800
G1 X-7.193 Y6.947 Z7.679 E7.9800 F800
G1 X-7.660 Y6.428 Z7.679 E8.0000 F800
G1 X-8.090 Y5.878 Z7.679 E8.0200 F800
G1 X-8.480 Y5.299 Z7.679 E8.0400 F800
G1 X-8.829 Y4.695 Z7.679 E8.0600 F800
G1 X-9.135 Y4.067 Z7.679 E8.0800 F800
G1 X-9.397 Y3.420 Z7.679 E8.1000 F800
G1 X-9.613 Y2.756 Z7.679 E8.1200 F800
G1 X-9.781 Y2.079 Z7.679 E8.1400 F800
G1 X-9.903 Y1.392 Z7.679 E8.1600 F800
G1 X-9.976 Y0.698 Z7.679 E8.1800 F800
G1 X-10.000 Y0.000 Z7.679 E8.2000 F800
G1 X-9.976 Y-0.698 Z7.679 E8.2200 F800
G1 X-9.903 Y-1.392 Z7.679 E8.2400 F800
G1 X-9.781 Y-2.079 Z7.679 E8.2600 F800
G1 X-9.613 Y-2.756 Z7.679 E8.2800 F800
G1 X-9.397 Y-3.420 Z7.679 E8.3000 F800
G1 X-9.135 Y-4.067 Z7.679 E8.3200 F800
G1 X-8.829 Y-4.695 Z7.679 E8.3400 F800
G1 X-8.480 Y-5.299 Z7.679 E8.3600 F800
G1 X-8.090 Y-5.878 Z7.679 E8.3800 F800
G1 X-7.660 Y-6.428 Z7.679 E8.4000 F800
G1 X-7.193 Y-6.947 Z7.679 E8.4200 F800
G1 X-6.691 Y-7.431 Z7.679 E8.4400 F800
G1 X-6.157 Y-7.880 Z7.679 E8.4600 F800
G1 X-5.592 Y-8.290 Z7.679 E8.4800 F800
G1 X-5.000 Y-8.660 Z7.679 E8.5000 F800
G1 X-4.384 Y-8.988 Z7.679 E8.5200 F800
G1 X-3.746 Y-9.272 Z7.679 E8.5400 F800
G1 X-3.090 Y-9.511 Z7.679 E8.5600 F800
G1 X-2.419 Y-9.703 Z7.679 E8.5800 F800
G1 X-1.736 Y-9.848 Z7.679 E8.6000 F800
G1 X-1.045 Y-9.945 Z7.679 E8.6200 F800
G1 X-0.349 Y-9.994 Z7.679 E8.6400 F800
G1 X0.349 Y-9.994 Z7.679 E8.6600 F800
G1 X1.045 Y-9.945 Z7.679 E8.6800 F800
G1 X1.736 Y-9.848 Z7.679 E8.7000 F800
G1 X2.419 Y-9.703 Z7.679 E8.7200 F800
G1 X3.090 Y-9.511 Z7.679 E8.7400 F800
G1 X3.746 Y-9.272 Z7.679 E8.7600 F800
G1 X4.384 Y-8.988 Z7.679 E8.7800 F800
G1 X5.000 Y-8.660 Z7.679 E8.8000 F800
G1 X5.592 Y-8.290 Z7.679 E8.8200 F800
G1 X6.157 Y-7.880 Z7.679 E8.8400 F800
G1 X6.691 Y-7.431 Z7.679 E8.8600 F800
G1 X7.193 Y-6.947 Z7.679 E8.8800 F800
G1 X7.660 Y-6.428 Z7.679 E8.9000 F800
G1 X8.090 Y-5.878 Z7.679 E8.9200 F800
G1 X8.480 Y-5.299 Z7.679 E8.9400 F800
G1 X8.829 Y-4.695 Z7.679 E8.9600 F800
G1 X9.135 Y-4.067 Z7.679 E8.9800 F800
G1 X9.397 Y-3.420 Z7.679 E9.0000 F800
G1 X9.613 Y-2.756 Z7.679 E9.0200 F800
G1 X9.781 Y-2.079 Z7.679 E9.0400 F800
G1 X9.903 Y-1.392 Z7.679 E9.0600 F800
G1 X9.976 Y-0.698 Z7.679 E9.0800 F800
G1 X10.000 Y-0.000 Z7.679 E9.1000 F800
G1 X11.756 Y-0.000 Z8.820 E9.1200 F800
G1 X11.727 Y-0.820 Z8.820 E9.1400 F800
G1 X11.641 Y-1.636 Z8.820 E9.1600 F800
G1 X11.499 Y-2.444 Z8.820 E9.1800 F800
G1 X11.300 Y-3.240 Z8.820 E9.2000 F800
G1 X11.047 Y-4.021 Z8.820 E9.2200 F800
G1 X10.739 Y-4.781 Z8.820 E9.2400 F800
G1 X10.380 Y-5.519 Z8.820 E9.2600 F800
G1 X9.969 Y-6.230 Z8.820 E9.2800 F800
G1 X9.511 Y-6.910 Z8.820 E9.3000 F800
G1 X9.005 Y-7.556 Z8.820 E9.3200 F800
G1 X8.456 Y-8.166 Z8.820 E9.3400 F800
G1 X7.866 Y-8.736 Z8.820 E9.3600 F800
G1 X7.238 Y-9.264 Z8.820 E9.3800 F800
G1 X6.574 Y-9.746 Z8.820 E9.4000 F800
G1 X5.878 Y-10.181 Z8.820 E9.4200 F800
G1 X5.153 Y-10.566 Z8.820 E9.4400 F800
G1 X4.404 Y-10.900 Z8.820 E9.4600 F800
G1 X3.633 Y-11.180 Z8.820 E9.4800 F800
G1 X2.844 Y-11.407 Z8.820 E9.5000 F800
G1 X2.041 Y-11.577 Z8.820 E9.5200 F800
G1 X1.229 Y-11.691 Z8.820 E9.5400 F800
G1 X0.410 Y-11.749 Z8.820 E9.5600 F800
G1 X-0.410 Y-11.749 Z8.820 E9.5800 F800
G1 X-1.229 Y-11.691 Z8.820 E9.6000 F800
G1 X-2.041 Y-11.577 Z8.820 E9.6200 F800
G1 X-2.844 Y-11.407 Z8.820 E9.6400 F800
G1 X-3.633 Y-11.180 Z8.820 E9.6600 F800
G1 X-4.404 Y-10.900 Z8.820 E9.6800 F800
G1 X-5.153 Y-10.566 Z8.820 E9.7000 F800
G1 X-5.878 Y-10.181 Z8.820 E9.7200 F800
G1 X-6.574 Y-9.746 Z8.820 E9.7400 F800
G1 X-7.238 Y-9.264 Z8.820 E9.7600 F800
G1 X-7.866 Y-8.736 Z8.820 E9.7800 F800
G1 X-8.456 Y-8.166 Z8.820 E9.8000 F800
G1 X-9.005 Y-7.556 Z8.820 E9.8200 F800
G1 X-9.511 Y-6.910 Z8.820 E9.8400 F800
G1 X-9.969 Y-6.230 Z8.820 E9.8600 F800
G1 X-10.380 Y-5.519 Z8.820 E9.8800 F800
G1 X-10.739 Y-4.781 Z8.820 E9.9000 F800
G1 X-11.047 Y-4.021 Z8.820 E9.9200 F800
G1 X-11.300 Y-3.240 Z8.820 E9.9400 F800
G1 X-11.499 Y-2.444 Z8.820 E9.9600 F800
G1 X-11.641 Y-1.636 Z8.820 E9.9800 F800
G1 X-11.727 Y-0.820 Z8.820 E10.0000 F800
G1 X-11.756 Y0.000 Z8.820 E10.0200 F800
G1 X-11.727 Y0.820 Z8.820 E10.0400 F800
G1 X-11.641 Y1.636 Z8.820 E10.0600 F800
G1 X-11.499 Y2.444 Z8.820 E10.0800 F800
G1 X-11.300 Y3.240 Z8.820 E10.1000 F800
G1 X-11.047 Y4.021 Z8.820 E10.1200 F800
G1 X-10.739 Y4.781 Z8.820 E10.1400 F800
G1 X-10.380 Y5.519 Z8.820 E10.1600 F800
G1 X-9.969 Y6.230 Z8.820 E10.1800 F800
G1 X-9.511 Y6.910 Z8.820 E10.2000 F800
G1 X-9.005 Y7.556 Z8.820 E10.2200 F800
G1 X-8.456 Y8.166 Z8.820 E10.2400 F800
G1 X-7.866 Y8.736 Z8.820 E10.2600 F800
G1 X-7.238 Y9.264 Z8.820 E10.2800 F800
G1 X-6.574 Y9.746 Z8.820 E10.3000 F800
G1 X-5.878 Y10.181 Z8.820 E10.3200 F800
G1 X-5.153 Y10.566 Z8.820 E10.3400 F800
G1 X-4.404 Y10.900 Z8.820 E10.3600 F800
G1 X-3.633 Y11.180 Z8.820 E10.3800 F800
G1 X-2.844 Y11.407 Z8.820 E10.4000 F800
G1 X-2.041 Y11.577 Z8.820 E10.4200 F800
G1 X-1.229 Y11.691 Z8.820 E10.4400 F800
G1 X-0.410 Y11.749 Z8.820 E10.4600 F800
G1 X0.410 Y11.749 Z8.820 E10.4800 F800
G1 X1.229 Y11.691 Z8.820 E10.5000 F800
G1 X2.041 Y11.577 Z8.820 E10.5200 F800
G1 X2.844 Y11.407 Z8.820 E10.5400 F800
G1 X3.633 Y11.180 Z8.820 E10.5600 F800
G1 X4.404 Y10.900 Z8.820 E10.5800 F800
G1 X5.153 Y10.566 Z8.820 E10.6000 F800
G1 X5.878 Y10.181 Z8.820 E10.6200 F800
G1 X6.574 Y9.746 Z8.820 E10.6400 F800
G1 X7.238 Y9.264 Z8.820 E10.6600 F800
G1 X7.866 Y8.736 Z8.820 E10.6800 F800
G1 X8.456 Y8.166 Z8.820 E10.7000 F800
G1 X9.005 Y7.556 Z8.820 E10.7200 F800
G1 X9.511 Y6.910 Z8.820 E10.7400 F800
G1 X9.969 Y6.230 Z8.820 E10.7600 F800
G1 X10.380 Y5.519 Z8.820 E10.7800 F800
G1 X10.739 Y4.781 Z8.820 E10.8000 F800
G1 X11.047 Y4.021 Z8.820 E10.8200 F800
G1 X11.300 Y3.240 Z8.820 E10.8400 F800
G1 X11.499 Y2.444 Z8.820 E10.8600 F800
G1 X11.641 Y1.636 Z8.820 E10.8800 F800
G1 X11.727 Y0.820 Z8.820 E10.9000 F800
G1 X11.756 Y0.000 Z8.820 E10.9200 F800
G1 X13.383 Y0.000 Z10.137 E10.9400 F800
G1 X13.350 Y0.934 Z10.137 E10.9600 F800
G1 X13.252 Y1.862 Z10.137 E10.9800 F800
G1 X13.090 Y2.782 Z10.137 E11.0000 F800
G1 X12.864 Y3.689 Z10.137 E11.0200 F800
G1 X12.576 Y4.577 Z10.137 E11.0400 F800
G1 X12.226 Y5.443 Z10.137 E11.0600 F800
G1 X11.816 Y6.283 Z10.137 E11.0800 F800
G1 X11.349 Y7.092 Z10.137 E11.1000 F800
G1 X10.827 Y7.866 Z10.137 E11.1200 F800
G1 X10.252 Y8.602 Z10.137 E11.1400 F800
G1 X9.627 Y9.296 Z10.137 E11.1600 F800
G1 X8.955 Y9.945 Z10.137 E11.1800 F800
G1 X8.239 Y10.546 Z10.137 E11.2000 F800
G1 X7.483 Y11.095 Z10.137 E11.2200 F800
G1 X6.691 Y11.590 Z10.137 E11.2400 F800
G1 X5.867 Y12.028 Z10.137 E11.2600 F800
G1 X5.013 Y12.408 Z10.137 E11.2800 F800
G1 X4.135 Y12.728 Z10.137 E11.3000 F800
G1 X3.238 Y12.985 Z10.137 E11.3200 F800
G1 X2.324 Y13.179 Z10.137 E11.3400 F800
G1 X1.399 Y13.309 Z10.137 E11.3600 F800
G1 X0.467 Y13.374 Z10.137 E11.3800 F800
G1 X-0.467 Y13.374 Z10.137 E11.4000 F800
G1 X-1.399 Y13.309 Z10.137 E11.4200 F800
G1 X-2.324 Y13.179 Z10.137 E11.4400 F800
G1 X-3.238 Y12.985 Z10.137 E11.4600 F800
G1 X-4.135 Y12.728 Z10.137 E11.4800 F800
G1 X-5.013 Y12.408 Z10.137 E11.5000 F800
G1 X-5.867 Y12.028 Z10.137 E11.5200 F800
G1 X-6.691 Y11.590 Z10.137 E11.5400 F800
G1 X-7.483 Y11.095 Z10.137 E11.5600 F800
G1 X-8.239 Y10.546 Z10.137 E11.5800 F800
G1 X-8.955 Y9.945 Z10.137 E11.6000 F800
G1 X-9.627 Y9.296 Z10.137 E11.6200 F800
G1 X-10.252 Y8.602 Z10.137 E11.6400 F800
G1 X-10.827 Y7.866 Z10.137 E11.6600 F800
G1 X-11.349 Y7.092 Z10.137 E11.6800 F800
G1 X-11.816 Y6.283 Z10.137 E11.7000 F800
G1 X-12.226 Y5.443 Z10.137 E11.7200 F800
G1 X-12.576 Y4.577 Z10.137 E11.7400 F800
G1 X-12.864 Y3.689 Z10.137 E11.7600 F800
G1 X-13.090 Y2.782 Z10.137 E11.7800 F800
G1 X-13.252 Y1.862 Z10.137 E11.8000 F800
G1 X-13.350 Y0.934 Z10.137 E11.8200 F800
G1 X-13.383 Y0.000 Z10.137 E11.8400 F800
G1 X-13.350 Y-0.934 Z10.137 E11.8600 F800
G1 X-13.252 Y-1.862 Z10.137 E11.8800 F800
G1 X-13.090 Y-2.782 Z10.137 E11.9000 F800
G1 X-12.864 Y-3.689 Z10.137 E11.9200 F800
G1 X-12.576 Y-4.577 Z10.137 E11.9400 F800
G1 X-12.226 Y-5.443 Z10.137 E11.9600 F800
G1 X-11.816 Y-6.283 Z10.137 E11.9800 F800
G1 X-11.349 Y-7.092 Z10.137 E12.0000 F800
G1 X-10.827 Y-7.866 Z10.137 E12.0200 F800
G1 X-10.252 Y-8.602 Z10.137 E12.0400 F800
G1 X-9.627 Y-9.296 Z10.137 E12.0600 F800
G1 X-8.955 Y-9.945 Z10.137 E12.0800 F800
G1 X-8.239 Y-10.546 Z10.137 E12.1000 F800
G1 X-7.483 Y-11.095 Z10.137 E12.1200 F800
G1 X-6.691 Y-11.590 Z10.137 E12.1400 F800
G1 X-5.867 Y-12.028 Z10.137 E12.1600 F800
G1 X-5.013 Y-12.408 Z10.137 E12.1800 F800
G1 X-4.135 Y-12.728 Z10.137 E12.2000 F800
G1 X-3.238 Y-12.985 Z10.137 E12.2200 F800
G1 X-2.324 Y-13.179 Z10.137 E12.2400 F800
G1 X-1.399 Y-13.309 Z10.137 E12.2600 F800
G1 X-0.467 Y-13.374 Z10.137 E12.2800 F800
G1 X0.467 Y-13.374 Z10.137 E12.3000 F800
G1 X1.399 Y-13.309 Z10.137 E12.3200 F800
G1 X2.324 Y-13.179 Z10.137 E12.3400 F800
G1 X3.238 Y-12.985 Z10.137 E12.3600 F800
G1 X4.135 Y-12.728 Z10.137 E12.3800 F800
G1 X5.013 Y-12.408 Z10.137 E12.4000 F800
G1 X5.867 Y-12.028 Z10.137 E12.4200 F800
G1 X6.691 Y-11.590 Z10.137 E12.4400 F800
G1 X7.483 Y-11.095 Z10.137 E12.4600 F800
G1 X8.239 Y-10.546 Z10.137 E12.4800 F800
G1 X8.955 Y-9.945 Z10.137 E12.5000 F800
G1 X9.627 Y-9.296 Z10.137 E12.5200 F800
G1 X10.252 Y-8.602 Z10.137 E12.5400 F800
G1 X10.827 Y-7.866 Z10.137 E12.5600 F800
G1 X11.349 Y-7.092 Z10.137 E12.5800 F800
G1 X11.816 Y-6.283 Z10.137 E12.6000 F800
G1 X12.226 Y-5.443 Z10.137 E12.6200 F800
G1 X12.576 Y-4.577 Z10.137 E12.6400 F800
G1 X12.864 Y-3.689 Z10.137 E12.6600 F800
G1 X13.090 Y-2.782 Z10.137 E12.6800 F800
G1 X13.252 Y-1.862 Z10.137 E12.7000 F800
G1 X13.350 Y-0.934 Z10.137 E12.7200 F800
G1 X13.383 Y-0.000 Z10.137 E12.7400 F800
G1 X14.863 Y-0.000 Z11.617 E12.7600 F800
G1 X14.827 Y-1.037 Z11.617 E12.7800 F800
G1 X14.718 Y-2.069 Z11.617 E12.8000 F800
G1 X14.538 Y-3.090 Z11.617 E12.8200 F800
G1 X14.287 Y-4.097 Z11.617 E12.8400 F800
G1 X13.967 Y-5.083 Z11.617 E12.8600 F800
G1 X13.578 Y-6.045 Z11.617 E12.8800 F800
G1 X13.123 Y-6.978 Z11.617 E12.9000 F800
G1 X12.604 Y-7.876 Z11.617 E12.9200 F800
G1 X12.024 Y-8.736 Z11.617 E12.9400 F800
G1 X11.386 Y-9.554 Z11.617 E12.9600 F800
G1 X10.691 Y-10.325 Z11.617 E12.9800 F800
G1 X9.945 Y-11.045 Z11.617 E13.0000 F800
G1 X9.151 Y-11.712 Z11.617 E13.0200 F800
G1 X8.311 Y-12.322 Z11.617 E13.0400 F800
G1 X7.431 Y-12.872 Z11.617 E13.0600 F800
G1 X6.515 Y-13.359 Z11.617 E13.0800 F800
G1 X5.568 Y-13.781 Z11.617 E13.1000 F800
G1 X4.593 Y-14.135 Z11.617 E13.1200 F800
G1 X3.596 Y-14.421 Z11.617 E13.1400 F800
G1 X2.581 Y-14.637 Z11.617 E13.1600 F800
G1 X1.554 Y-14.781 Z11.617 E13.1800 F800
G1 X0.519 Y-14.854 Z11.617 E13.2000 F800
G1 X-0.519 Y-14.854 Z11.617 E13.2200 F800
G1 X-1.554 Y-14.781 Z11.617 E13.2400 F800
G1 X-2.581 Y-14.637 Z11.617 E13.2600 F800
G1 X-3.596 Y-14.421 Z11.617 E13.2800 F800
G1 X-4.593 Y-14.135 Z11.617 E13.3000 F800
G1 X-5.568 Y-13.781 Z11.617 E13.3200 F800
G1 X-6.515 Y-13.359 Z11.617 E13.3400 F800
G1 X-7.431 Y-12.872 Z11.617 E13.3600 F800
G1 X-8.311 Y-12.322 Z11.617 E13.3800 F800
G1 X-9.151 Y-11.712 Z11.617 E13.4000 F800
G1 X-9.945 Y-11.045 Z11.617 E13.4200 F800
G1 X-10.691 Y-10.325 Z11.617 E13.4400 F800
G1 X-11.386 Y-9.554 Z11.617 E13.4600 F800
G1 X-12.024 Y-8.736 Z11.617 E13.4800 F800
G1 X-12.604 Y-7.876 Z11.617 E13.5000 F800
G1 X-13.123 Y-6.978 Z11.617 E13.5200 F800
G1 X-13.578 Y-6.045 Z11.617 E13.5400 F800
G1 X-13.967 Y-5.083 Z11.617 E13.5600 F800
G1 X-14.287 Y-4.097 Z11.617 E13.5800 F800
G1 X-14.538 Y-3.090 Z11.617 E13.6000 F800
G1 X-14.718 Y-2.069 Z11.617 E13.6200 F800
G1 X-14.827 Y-1.037 Z11.617 E13.6400 F800
G1 X-14.863 Y0.000 Z11.617 E13.6600 F800
G1 X-14.827 Y1.037 Z11.617 E13.6800 F800
G1 X-14.718 Y2.069 Z11.617 E13.7000 F800
G1 X-14.538 Y3.090 Z11.617 E13.7200 F800
G1 X-14.287 Y4.097 Z11.617 E13.7400 F800
G1 X-13.967 Y5.083 Z11.617 E13.7600 F800
G1 X-13.578 Y6.045 Z11.617 E13.7800 F800
G1 X-13.123 Y6.978 Z11.617 E13.8000 F800
G1 X-12.604 Y7.876 Z11.617 E13.8200 F800
G1 X-12.024 Y8.736 Z11.617 E13.8400 F800
G1 X-11.386 Y9.554 Z11.617 E13.8600 F800
G1 X-10.691 Y10.325 Z11.617 E13.8800 F800
G1 X-9.945 Y11.045 Z11.617 E13.9000 F800
G1 X-9.151 Y11.712 Z11.617 E13.9200 F800
G1 X-8.311 Y12.322 Z11.617 E13.9400 F800
G1 X-7.431 Y12.872 Z11.617 E13.9600 F800
G1 X-6.515 Y13.359 Z11.617 E13.9800 F800
G1 X-5.568 Y13.781 Z11.617 E14.0000 F800
G1 X-4.593 Y14.135 Z11.617 E14.0200 F800
G1 X-3.596 Y14.421 Z11.617 E14.0400 F800
G1 X-2.581 Y14.637 Z11.617 E14.0600 F800
G1 X-1.554 Y14.781 Z11.617 E14.0800 F800
G1 X-0.519 Y14.854 Z11.617 E14.1000 F800
G1 X0.519 Y14.854 Z11.617 E14.1200 F800
G1 X1.554 Y14.781 Z11.617 E14.1400 F800
G1 X2.581 Y14.637 Z11.617 E14.1600 F800
G1 X3.596 Y14.421 Z11.617 E14.1800 F800
G1 X4.593 Y14.135 Z11.617 E14.2000 F800
G1 X5.568 Y13.781 Z11.617 E14.2200 F800
G1 X6.515 Y13.359 Z11.617 E14.2400 F800
G1 X7.431 Y12.872 Z11.617 E14.2600 F800
G1 X8.311 Y12.322 Z11.617 E14.2800 F800
G1 X9.151 Y11.712 Z11.617 E14.3000 F800
G1 X9.945 Y11.045 Z11.617 E14.3200 F800
G1 X10.691 Y10.325 Z11.617 E14.3400 F800
G1 X11.386 Y9.554 Z11.617 E14.3600 F800
G1 X12.024 Y8.736 Z11.617 E14.3800 F800
G1 X12.604 Y7.876 Z11.617 E14.4000 F800
G1 X13.123 Y6.978 Z11.617 E14.4200 F800
G1 X13.578 Y6.045 Z11.617 E14.4400 F800
G1 X13.967 Y5.083 Z11.617 E14.4600 F800
G1 X14.287 Y4.097 Z11.617 E14.4800 F800
G1 X14.538 Y3.090 Z11.617 E14.5000 F800
G1 X14.718 Y2.069 Z11.617 E14.5200 F800
G1 X14.827 Y1.037 Z11.617 E14.5400 F800
G1 X14.863 Y0.000 Z11.617 E14.5600 F800
G1 X16.180 Y0.000 Z13.244 E14.5800 F800
G1 X16.141 Y1.129 Z13.244 E14.6000 F800
G1 X16.023 Y2.252 Z13.244 E14.6200 F800
G1 X15.827 Y3.364 Z13.244 E14.6400 F800
G1 X15.554 Y4.460 Z13.244 E14.6600 F800
G1 X15.205 Y5.534 Z13.244 E14.6800 F800
G1 X14.781 Y6.581 Z13.244 E14.7000 F800
G1 X14.286 Y7.596 Z13.244 E14.7200 F800
G1 X13.722 Y8.574 Z13.244 E14.7400 F800
G1 X13.090 Y9.511 Z13.244 E14.7600 F800
G1 X12.395 Y10.401 Z13.244 E14.7800 F800
G1 X11.639 Y11.240 Z13.244 E14.8000 F800
G1 X10.827 Y12.024 Z13.244 E14.8200 F800
G1 X9.962 Y12.750 Z13.244 E14.8400 F800
G1 X9.048 Y13.414 Z13.244 E14.8600 F800
G1 X8.090 Y14.013 Z13.244 E14.8800 F800
G1 X7.093 Y14.543 Z13.244 E14.9000 F800
G1 X6.061 Y15.002 Z13.244 E14.9200 F800
G1 X5.000 Y15.388 Z13.244 E14.9400 F800
G1 X3.914 Y15.700 Z13.244 E14.9600 F800
G1 X2.810 Y15.935 Z13.244 E14.9800 F800
G1 X1.691 Y16.092 Z13.244 E15.0000 F800
G1 X0.565 Y16.170 Z13.244 E15.0200 F800
G1 X-0.565 Y16.170 Z13.244 E15.0400 F800
G1 X-1.691 Y16.092 Z13.244 E15.0600 F800
G1 X-2.810 Y15.935 Z13.244 E15.0800 F800
G1 X-3.914 Y15.700 Z13.244 E15.1000 F800
G1 X-5.000 Y15.388 Z13.244 E15.1200 F800
G1 X-6.061 Y15.002 Z13.244 E15.1400 F800
G1 X-7.093 Y14.543 Z13.244 E15.1600 F800
G1 X-8.090 Y14.013 Z13.244 E15.1800 F800
G1 X-9.048 Y13.414 Z13.244 E15.2000 F800
G1 X-9.962 Y12.750 Z13.244 E15.2200 F800
G1 X-10.827 Y12.024 Z13.244 E15.2400 F800
G1 X-11.639 Y11.240 Z13.244 E15.2600 F800
G1 X-12.395 Y10.401 Z13.244 E15.2800 F800
G1 X-13.090 Y9.511 Z13.244 E15.3000 F800
G1 X-13.722 Y8.574 Z13.244 E15.3200 F800
G1 X-14.286 Y7.596 Z13.244 E15.3400 F800
G1 X-14.781 Y6.581 Z13.244 E15.3600 F800
G1 X-15.205 Y5.534 Z13.244 E15.3800 F800
G1 X-15.554 Y4.460 Z13.244 E15.4000 F800
G1 X-15.827 Y3.364 Z13.244 E15.4200 F800
G1 X-16.023 Y2.252 Z13.244 E15.4400 F800
G1 X-16.141 Y1.129 Z13.244 E15.4600 F800
G1 X-16.180 Y0.000 Z13.244 E15.4800 F800
G1 X-16.141 Y-1.129 Z13.244 E15.5000 F800
G1 X-16.023 Y-2.252 Z13.244 E15.5200 F800
G1 X-15.827 Y-3.364 Z13.244 E15.5400 F800
G1 X-15.554 Y-4.460 Z13.244 E15.5600 F800
G1 X-15.205 Y-5.534 Z13.244 E15.5800 F800
G1 X-14.781 Y-6.581 Z13.244 E15.6000 F800
G1 X-14.286 Y-7.596 Z13.244 E15.6200 F800
G1 X-13.722 Y-8.574 Z13.244 E15.6400 F800
G1 X-13.090 Y-9.511 Z13.244 E15.6600 F800
G1 X-12.395 Y-10.401 Z13.244 E15.6800 F800
G1 X-11.639 Y-11.240 Z13.244 E15.7000 F800
G1 X-10.827 Y-12.024 Z13.244 E15.7200 F800
G1 X-9.962 Y-12.750 Z13.244 E15.7400 F800
G1 X-9.048 Y-13.414 Z13.244 E15.7600 F800
G1 X-8.090 Y-14.013 Z13.244 E15.7800 F800
G1 X-7.093 Y-14.543 Z13.244 E15.8000 F800
G1 X-6.061 Y-15.002 Z13.244 E15.8200 F800
G1 X-5.000 Y-15.388 Z13.244 E15.8400 F800
G1 X-3.914 Y-15.700 Z13.244 E15.8600 F800
G1 X-2.810 Y-15.935 Z13.244 E15.8800 F800
G1 X-1.691 Y-16.092 Z13.244 E15.9000 F800
G1 X-0.565 Y-16.170 Z13.244 E15.9200 F800
G1 X0.565 Y-16.170 Z13.244 E15.9400 F800
G1 X1.691 Y-16.092 Z13.244 E15.9600 F800
G1 X2.810 Y-15.935 Z13.244 E15.9800 F800
G1 X3.914 Y-15.700 Z13.244 E16.0000 F800
G1 X5.000 Y-15.388 Z13.244 E16.0200 F800
G1 X6.061 Y-15.002 Z13.244 E16.0400 F800
G1 X7.093 Y-14.543 Z13.244 E16.0600 F800
G1 X8.090 Y-14.013 Z13.244 E16.0800 F800
G1 X9.048 Y-13.414 Z13.244 E16.1000 F800
G1 X9.962 Y-12.750 Z13.244 E16.1200 F800
G1 X10.827 Y-12.024 Z13.244 E16.1400 F800
G1 X11.639 Y-11.240 Z13.244 E16.1600 F800
G1 X12.395 Y-10.401 Z13.244 E16.1800 F800
G1 X13.090 Y-9.511 Z13.244 E16.2000 F800
G1 X13.722 Y-8.574 Z13.244 E16.2200 F800
G1 X14.286 Y-7.596 Z13.244 E16.2400 F800
G1 X14.781 Y-6.581 Z13.244 E16.2600 F800
G1 X15.205 Y-5.534 Z13.244 E16.2800 F800
G1 X15.554 Y-4.460 Z13.244 E16.3000 F800
G1 X15.827 Y-3.364 Z13.244 E16.3200 F800
G1 X16.023 Y-2.252 Z13.244 E16.3400 F800
G1 X16.141 Y-1.129 Z13.244 E16.3600 F800
G1 X16.180 Y-0.000 Z13.244 E16.3800 F800
G1 X17.321 Y-0.000 Z15.000 E16.4000 F800
G1 X17.278 Y-1.208 Z15.000 E16.4200 F800
G1 X17.152 Y-2.411 Z15.000 E16.4400 F800
G1 X16.942 Y-3.601 Z15.000 E16.4600 F800
G1 X16.650 Y-4.774 Z15.000 E16.4800 F800
G1 X16.276 Y-5.924 Z15.000 E16.5000 F800
G1 X15.823 Y-7.045 Z15.000 E16.5200 F800
G1 X15.293 Y-8.131 Z15.000 E16.5400 F800
G1 X14.689 Y-9.178 Z15.000 E16.5600 F800
G1 X14.013 Y-10.181 Z15.000 E16.5800 F800
G1 X13.268 Y-11.133 Z15.000 E16.6000 F800
G1 X12.459 Y-12.032 Z15.000 E16.6200 F800
G1 X11.590 Y-12.872 Z15.000 E16.6400 F800
G1 X10.664 Y-13.649 Z15.000 E16.6600 F800
G1 X9.686 Y-14.359 Z15.000 E16.6800 F800
G1 X8.660 Y-15.000 Z15.000 E16.7000 F800
G1 X7.593 Y-15.568 Z15.000 E16.7200 F800
G1 X6.488 Y-16.059 Z15.000 E16.7400 F800
G1 X5.352 Y-16.473 Z15.000 E16.7600 F800
G1 X4.190 Y-16.806 Z15.000 E16.7800 F800
G1 X3.008 Y-17.057 Z15.000 E16.8000 F800
G1 X1.810 Y-17.226 Z15.000 E16.8200 F800
G1 X0.604 Y-17.310 Z15.000 E16.8400 F800
G1 X-0.604 Y-17.310 Z15.000 E16.8600 F800
G1 X-1.810 Y-17.226 Z15.000 E16.8800 F800
G1 X-3.008 Y-17.057 Z15.000 E16.9000 F800
G1 X-4.190 Y-16.806 Z15.000 E16.9200 F800
G1 X-5.352 Y-16.473 Z15.000 E16.9400 F800
G1 X-6.488 Y-16.059 Z15.000 E16.9600 F800
G1 X-7.593 Y-15.568 Z15.000 E16.9800 F800
G1 X-8.660 Y-15.000 Z15.000 E17.0000 F800
G1 X-9.686 Y-14.359 Z15.000 E17.0200 F800
G1 X-10.664 Y-13.649 Z15.000 E17.0400 F800
G1 X-11.590 Y-12.872 Z15.000 E17.0600 F800
G1 X-12.459 Y-12.032 Z15.000 E17.0800 F800
G1 X-13.268 Y-11.133 Z15.000 E17.1000 F800
G1 X-14.013 Y-10.181 Z15.000 E17.1200 F800
G1 X-14.689 Y-9.178 Z15.000 E17.1400 F800
G1 X-15.293 Y-8.131 Z15.000 E17.1600 F800
G1 X-15.823 Y-7.045 Z15.000 E17.1800 F800
G1 X-16.276 Y-5.924 Z15.000 E17.2000 F800
G1 X-16.650 Y-4.774 Z15.000 E17.2200 F800
G1 X-16.942 Y-3.601 Z15.000 E17.2400 F800
G1 X-17.152 Y-2.411 Z15.000 E17.2600 F800
G1 X-17.278 Y-1.208 Z15.000 E17.2800 F800
G1 X-17.321 Y0.000 Z15.000 E17.3000 F800
G1 X-17.278 Y1.208 Z15.000 E17.3200 F800
G1 X-17.152 Y2.411 Z15.000 E17.3400 F800
G1 X-16.942 Y3.601 Z15.000 E17.3600 F800
G1 X-16.650 Y4.774 Z15.000 E17.3800 F800
G1 X-16.276 Y5.924 Z15.000 E17.4000 F800
G1 X-15.823 Y7.045 Z15.000 E17.4200 F800
G1 X-15.293 Y8.131 Z15.000 E17.4400 F800
G1 X-14.689 Y9.178 Z15.000 E17.4600 F800
G1 X-14.013 Y10.181 Z15.000 E17.4800 F800
G1 X-13.268 Y11.133 Z15.000 E17.5000 F800
G1 X-12.459 Y12.032 Z15.000 E17.5200 F800
G1 X-11.590 Y12.872 Z15.000 E17.5400 F800
G1 X-10.664 Y13.649 Z15.000 E17.5600 F800
G1 X-9.686 Y14.359 Z15.000 E17.5800 F800
G1 X-8.660 Y15.000 Z15.000 E17.6000 F800
G1 X-7.593 Y15.568 Z15.000 E17.6200 F800
G1 X-6.488 Y16.059 Z15.000 E17.6400 F800
G1 X-5.352 Y16.473 Z15.000 E17.6600 F800
G1 X-4.190 Y16.806 Z15.000 E17.6800 F800
G1 X-3.008 Y17.057 Z15.000 E17.7000 F800
G1 X-1.810 Y17.226 Z15.000 E17.7200 F800
G1 X-0.604 Y17.310 Z15.000 E17.7400 F800
G1 X0.604 Y17.310 Z15.000 E17.7600 F800
G1 X1.810 Y17.226 Z15.000 E17.7800 F800
G1 X3.008 Y17.057 Z15.000 E17.8000 F800
G1 X4.190 Y16.806 Z15.000 E17.8200 F800
G1 X5.352 Y16.473 Z15.000 E17.8400 F800
G1 X6.488 Y16.059 Z15.000 E17.8600 F800
G1 X7.593 Y15.568 Z15.000 E17.8800 F800
G1 X8.660 Y15.000 Z15.000 E17.9000 F800
G1 X9.686 Y14.359 Z15.000 E17.9200 F800
G1 X10.664 Y13.649 Z15.000 E17.9400 F800
G1 X11.590 Y12.872 Z15.000 E17.9600 F800
G1 X12.459 Y12.032 Z15.000 E17.9800 F800
G1 X13.268 Y11.133 Z15.000 E18.0000 F800
G1 X14.013 Y10.181 Z15.000 E18.0200 F800
G1 X14.689 Y9.178 Z15.000 E18.0400 F800
G1 X15.293 Y8.131 Z15.000 E18.0600 F800
G1 X15.823 Y7.045 Z15.000 E18.0800 F800
G1 X16.276 Y5.924 Z15.000 E18.1000 F800
G1 X16.650 Y4.774 Z15.000 E18.1200 F800
G1 X16.942 Y3.601 Z15.000 E18.1400 F800
G1 X17.152 Y2.411 Z15.000 E18.1600 F800
G1 X17.278 Y1.208 Z15.000 E18.1800 F800
G1 X17.321 Y0.000 Z15.000 E18.2000 F800
G1 X18.271 Y0.000 Z16.865 E18.2200 F800
G1 X18.226 Y1.275 Z16.865 E18.2400 F800
G1 X18.093 Y2.543 Z16.865 E18.2600 F800
G1 X17.872 Y3.799 Z16.865 E18.2800 F800
G1 X17.563 Y5.036 Z16.865 E18.3000 F800
G1 X17.169 Y6.249 Z16.865 E18.3200 F800
G1 X16.691 Y7.431 Z16.865 E18.3400 F800
G1 X16.132 Y8.578 Z16.865 E18.3600 F800
G1 X15.495 Y9.682 Z16.865 E18.3800 F800
G1 X14.781 Y10.739 Z16.865 E18.4000 F800
G1 X13.996 Y11.744 Z16.865 E18.4200 F800
G1 X13.143 Y12.692 Z16.865 E18.4400 F800
G1 X12.226 Y13.578 Z16.865 E18.4600 F800
G1 X11.249 Y14.398 Z16.865 E18.4800 F800
G1 X10.217 Y15.147 Z16.865 E18.5000 F800
G1 X9.135 Y15.823 Z16.865 E18.5200 F800
G1 X8.009 Y16.422 Z16.865 E18.5400 F800
G1 X6.844 Y16.940 Z16.865 E18.5600 F800
G1 X5.646 Y17.377 Z16.865 E18.5800 F800
G1 X4.420 Y17.728 Z16.865 E18.6000 F800
G1 X3.173 Y17.993 Z16.865 E18.6200 F800
G1 X1.910 Y18.171 Z16.865 E18.6400 F800
G1 X0.638 Y18.260 Z16.865 E18.6600 F800
G1 X-0.638 Y18.260 Z16.865 E18.6800 F800
G1 X-1.910 Y18.171 Z16.865 E18.7000 F800
G1 X-3.173 Y17.993 Z16.865 E18.7200 F800
G1 X-4.420 Y17.728 Z16.865 E18.7400 F800
G1 X-5.646 Y17.377 Z16.865 E18.7600 F800
G1 X-6.844 Y16.940 Z16.865 E18.7800 F800
G1 X-8.009 Y16.422 Z16.865 E18.8000 F800
G1 X-9.135 Y15.823 Z16.865 E18.8200 F800
G1 X-10.217 Y15.147 Z16.865 E18.8400 F800
G1 X-11.249 Y14.398 Z16.865 E18.8600 F800
G1 X-12.226 Y13.578 Z16.865 E18.8800 F800
G1 X-13.143 Y12.692 Z16.865 E18.9000 F800
G1 X-13.996 Y11.744 Z16.865 E18.9200 F800
G1 X-14.781 Y10.739 Z16.865 E18.9400 F800
G1 X-15.495 Y9.682 Z16.865 E18.9600 F800
G1 X-16.132 Y8.578 Z16.865 E18.9800 F800
G1 X-16.691 Y7.431 Z16.865 E19.0000 F800
G1 X-17.169 Y6.249 Z16.865 E19.0200 F800
G1 X-17.563 Y5.036 Z16.865 E19.0400 F800
G1 X-17.872 Y3.799 Z16.865 E19.0600 F800
G1 X-18.093 Y2.543 Z16.865 E19.0800 F800
G1 X-18.226 Y1.275 Z16.865 E19.1000 F800
G1 X-18.271 Y0.000 Z16.865 E19.1200 F800
G1 X-18.226 Y-1.275 Z16.865 E19.1400 F800
G1 X-18.093 Y-2.543 Z16.865 E19.1600 F800
G1 X-17.872 Y-3.799 Z16.865 E19.1800 F800
G1 X-17.563 Y-5.036 Z16.865 E19.2000 F800
G1 X-17.169 Y-6.249 Z16.865 E19.2200 F800
G1 X-16.691 Y-7.431 Z16.865 E19.2400 F800
G1 X-16.132 Y-8.578 Z16.865 E19.2600 F800
G1 X-15.495 Y-9.682 Z16.865 E19.2800 F800
G1 X-14.781 Y-10.739 Z16.865 E19.3000 F800
G1 X-13.996 Y-11.744 Z16.865 E19.3200 F800
G1 X-13.143 Y-12.692 Z16.865 E19.3400 F800
G1 X-12.226 Y-13.578 Z16.865 E19.3600 F800
G1 X-11.249 Y-14.398 Z16.865 E19.3800 F800
G1 X-10.217 Y-15.147 Z16.865 E19.4000 F800
G1 X-9.135 Y-15.823 Z16.865 E19.4200 F800
G1 X-8.009 Y-16.422 Z16.865 E19.4400 F800
G1 X-6.844 Y-16.940 Z16.865 E19.4600 F800
G1 X-5.646 Y-17.377 Z16.865 E19.4800 F800
G1 X-4.420 Y-17.728 Z16.865 E19.5000 F800
G1 X-3.173 Y-17.993 Z16.865 E19.5200 F800
G1 X-1.910 Y-18.171 Z16.865 E19.5400 F800
G1 X-0.638 Y-18.260 Z16.865 E19.5600 F800
G1 X0.638 Y-18.260 Z16.865 E19.5800 F800
G1 X1.910 Y-18.171 Z16.865 E19.6000 F800
G1 X3.173 Y-17.993 Z16.865 E19.6200 F800
G1 X4.420 Y-17.728 Z16.865 E19.6400 F800
G1 X5.646 Y-17.377 Z16.865 E19.6600 F800
G1 X6.844 Y-16.940 Z16.865 E19.6800 F800
G1 X8.009 Y-16.422 Z16.865 E19.7000 F800
G1 X9.135 Y-15.823 Z16.865 E19.7200 F800
G1 X10.217 Y-15.147 Z16.865 E19.7400 F800
G1 X11.249 Y-14.398 Z16.865 E19.7600 F800
G1 X12.226 Y-13.578 Z16.865 E19.7800 F800
G1 X13.143 Y-12.692 Z16.865 E19.8000 F800
G1 X13.996 Y-11.744 Z16.865 E19.8200 F800
G1 X14.781 Y-10.739 Z16.865 E19.8400 F800
G1 X15.495 Y-9.682 Z16.865 E19.8600 F800
G1 X16.132 Y-8.578 Z16.865 E19.8800 F800
G1 X16.691 Y-7.431 Z16.865 E19.9000 F800
G1 X17.169 Y-6.249 Z16.865 E19.9200 F800
G1 X17.563 Y-5.036 Z16.865 E19.9400 F800
G1 X17.872 Y-3.799 Z16.865 E19.9600 F800
G1 X18.093 Y-2.543 Z16.865 E19.9800 F800
G1 X18.226 Y-1.275 Z16.865 E20.0000 F800
G1 X18.271 Y-0.000 Z16.865 E20.0200 F800
G1 X19.021 Y-0.000 Z18.820 E20.0400 F800
G1 X18.975 Y-1.327 Z18.820 E20.0600 F800
G1 X18.836 Y-2.647 Z18.820 E20.0800 F800
G1 X18.605 Y-3.955 Z18.820 E20.1000 F800
G1 X18.284 Y-5.243 Z18.820 E20.1200 F800
G1 X17.874 Y-6.506 Z18.820 E20.1400 F800
G1 X17.377 Y-7.737 Z18.820 E20.1600 F800
G1 X16.795 Y-8.930 Z18.820 E20.1800 F800
G1 X16.131 Y-10.080 Z18.820 E20.2000 F800
G1 X15.388 Y-11.180 Z18.820 E20.2200 F800
G1 X14.571 Y-12.227 Z18.820 E20.2400 F800
G1 X13.683 Y-13.213 Z18.820 E20.2600 F800
G1 X12.728 Y-14.135 Z18.820 E20.2800 F800
G1 X11.711 Y-14.989 Z18.820 E20.3000 F800
G1 X10.636 Y-15.769 Z18.820 E20.3200 F800
G1 X9.511 Y-16.473 Z18.820 E20.3400 F800
G1 X8.338 Y-17.096 Z18.820 E20.3600 F800
G1 X7.125 Y-17.636 Z18.820 E20.3800 F800
G1 X5.878 Y-18.090 Z18.820 E20.4000 F800
G1 X4.602 Y-18.456 Z18.820 E20.4200 F800
G1 X3.303 Y-18.732 Z18.820 E20.4400 F800
G1 X1.988 Y-18.917 Z18.820 E20.4600 F800
G1 X0.664 Y-19.010 Z18.820 E20.4800 F800
G1 X-0.664 Y-19.010 Z18.820 E20.5000 F800
G1 X-1.988 Y-18.917 Z18.820 E20.5200 F800
G1 X-3.303 Y-18.732 Z18.820 E20.5400 F800
G1 X-4.602 Y-18.456 Z18.820 E20.5600 F800
G1 X-5.878 Y-18.090 Z18.820 E20.5800 F800
G1 X-7.125 Y-17.636 Z18.820 E20.6000 F800
G1 X-8.338 Y-17.096 Z18.820 E20.6200 F800
G1 X-9.511 Y-16.473 Z18.820 E20.6400 F800
G1 X-10.636 Y-15.769 Z18.820 E20.6600 F800
G1 X-11.711 Y-14.989 Z18.820 E20.6800 F800
G1 X-12.728 Y-14.135 Z18.820 E20.7000 F800
G1 X-13.683 Y-13.213 Z18.820 E20.7200 F800
G1 X-14.571 Y-12.227 Z18.820 E20.7400 F800
G1 X-15.388 Y-11.180 Z18.820 E20.7600 F800
G1 X-16.131 Y-10.080 Z18.820 E20.7800 F800
G1 X-16.795 Y-8.930 Z18.820 E20.8000 F800
G1 X-17.377 Y-7.737 Z18.820 E20.8200 F800
G1 X-17.874 Y-6.506 Z18.820 E20.8400 F800
G1 X-18.284 Y-5.243 Z18.820 E20.8600 F800
G1 X-18.605 Y-3.955 Z18.820 E20.8800 F800
G1 X-18.836 Y-2.647 Z18.820 E20.9000 F800
G1 X-18.975 Y-1.327 Z18.820 E20.9200 F800
G1 X-19.021 Y0.000 Z18.820 E20.9400 F800
G1 X-18.975 Y1.327 Z18.820 E20.9600 F800
G1 X-18.836 Y2.647 Z18.820 E20.9800 F800
G1 X-18.605 Y3.955 Z18.820 E21.0000 F800
G1 X-18.284 Y5.243 Z18.820 E21.0200 F800
G1 X-17.874 Y6.506 Z18.820 E21.0400 F800
G1 X-17.377 Y7.737 Z18.820 E21.0600 F800
G1 X-16.795 Y8.930 Z18.820 E21.0800 F800
G1 X-16.131 Y10.080 Z18.820 E21.1000 F800
G1 X-15.388 Y11.180 Z18.820 E21.1200 F800
G1 X-14.571 Y12.227 Z18.820 E21.1400 F800
G1 X-13.683 Y13.213 Z18.820 E21.1600 F800
G1 X-12.728 Y14.135 Z18.820 E21.1800 F800
G1 X-11.711 Y14.989 Z18.820 E21.2000 F800
G1 X-10.636 Y15.769 Z18.820 E21.2200 F800
G1 X-9.511 Y16.473 Z18.820 E21.2400 F800
G1 X-8.338 Y17.096 Z18.820 E21.2600 F800
G1 X-7.125 Y17.636 Z18.820 E21.2800 F800
G1 X-5.878 Y18.090 Z18.820 E21.3000 F800
G1 X-4.602 Y18.456 Z18.820 E21.3200 F800
G1 X-3.303 Y18.732 Z18.820 E21.3400 F800
G1 X-1.988 Y18.917 Z18.820 E21.3600 F800
G1 X-0.664 Y19.010 Z18.820 E21.3800 F800
G1 X0.664 Y19.010 Z18.820 E21.4000 F800
G1 X1.988 Y18.917 Z18.820 E21.4200 F800
G1 X3.303 Y18.732 Z18.820 E21.4400 F800
G1 X4.602 Y18.456 Z18.820 E21.4600 F800
G1 X5.878 Y18.090 Z18.820 E21.4800 F800
G1 X7.125 Y17.636 Z18.820 E21.5000 F800
G1 X8.338 Y17.096 Z18.820 E21.5200 F800
G1 X9.511 Y16.473 Z18.820 E21.5400 F800
G1 X10.636 Y15.769 Z18.820 E21.5600 F800
G1 X11.711 Y14.989 Z18.820 E21.5800 F800
G1 X12.728 Y14.135 Z18.820 E21.6000 F800
G1 X13.683 Y13.213 Z18.820 E21.6200 F800
G1 X14.571 Y12.227 Z18.820 E21.6400 F800
G1 X15.388 Y11.180 Z18.820 E21.6600 F800
G1 X16.131 Y10.080 Z18.820 E21.6800 F800
G1 X16.795 Y8.930 Z18.820 E21.7000 F800
G1 X17.377 Y7.737 Z18.820 E21.7200 F800
G1 X17.874 Y6.506 Z18.820 E21.7400 F800
G1 X18.284 Y5.243 Z18.820 E21.7600 F800
G1 X18.605 Y3.955 Z18.820 E21.7800 F800
G1 X18.836 Y2.647 Z18.820 E21.8000 F800
G1 X18.975 Y1.327 Z18.820 E21.8200 F800
G1 X19.021 Y0.000 Z18.820 E21.8400 F800
G1 X19.563 Y0.000 Z20.842 E21.8600 F800
G1 X19.515 Y1.365 Z20.842 E21.8800 F800
G1 X19.373 Y2.723 Z20.842 E21.9000 F800
G1 X19.135 Y4.067 Z20.842 E21.9200 F800
G1 X18.805 Y5.392 Z20.842 E21.9400 F800
G1 X18.383 Y6.691 Z20.842 E21.9600 F800
G1 X17.872 Y7.957 Z20.842 E21.9800 F800
G1 X17.273 Y9.184 Z20.842 E22.0000 F800
G1 X16.590 Y10.367 Z20.842 E22.0200 F800
G1 X15.827 Y11.499 Z20.842 E22.0400 F800
G1 X14.986 Y12.575 Z20.842 E22.0600 F800
G1 X14.072 Y13.590 Z20.842 E22.0800 F800
G1 X13.090 Y14.538 Z20.842 E22.1000 F800
G1 X12.044 Y15.416 Z20.842 E22.1200 F800
G1 X10.939 Y16.218 Z20.842 E22.1400 F800
G1 X9.781 Y16.942 Z20.842 E22.1600 F800
G1 X8.576 Y17.583 Z20.842 E22.1800 F800
G1 X7.328 Y18.138 Z20.842 E22.2000 F800
G1 X6.045 Y18.605 Z20.842 E22.2200 F800
G1 X4.733 Y18.982 Z20.842 E22.2400 F800
G1 X3.397 Y19.266 Z20.842 E22.2600 F800
G1 X2.045 Y19.456 Z20.842 E22.2800 F800
G1 X0.683 Y19.551 Z20.842 E22.3000 F800
G1 X-0.683 Y19.551 Z20.842 E22.3200 F800
G1 X-2.045 Y19.456 Z20.842 E22.3400 F800
G1 X-3.397 Y19.266 Z20.842 E22.3600 F800
G1 X-4.733 Y18.982 Z20.842 E22.3800 F800
G1 X-6.045 Y18.605 Z20.842 E22.4000 F800
G1 X-7.328 Y18.138 Z20.842 E22.4200 F800
G1 X-8.576 Y17.583 Z20.842 E22.4400 F800
G1 X-9.781 Y16.942 Z20.842 E22.4600 F800
G1 X-10.939 Y16.218 Z20.842 E22.4800 F800
G1 X-12.044 Y15.416 Z20.842 E22.5000 F800
G1 X-13.090 Y14.538 Z20.842 E22.5200 F800
G1 X-14.072 Y13.590 Z20.842 E22.5400 F800
G1 X-14.986 Y12.575 Z20.842 E22.5600 F800
G1 X-15.827 Y11.499 Z20.842 E22.5800 F800
G1 X-16.590 Y10.367 Z20.842 E22.6000 F800
G1 X-17.273 Y9.184 Z20.842 E22.6200 F800
G1 X-17.872 Y7.957 Z20.842 E22.6400 F800
G1 X-18.383 Y6.691 Z20.842 E22.6600 F800
G1 X-18.805 Y5.392 Z20.842 E22.6800 F800
G1 X-19.135 Y4.067 Z20.842 E22.7000 F800
G1 X-19.373 Y2.723 Z20.842 E22.7200 F800
G1 X-19.515 Y1.365 Z20.842 E22.7400 F800
G1 X-19.563 Y0.000 Z20.842 E22.7600 F800
G1 X-19.515 Y-1.365 Z20.842 E22.7800 F800
G1 X-19.373 Y-2.723 Z20.842 E22.8000 F800
G1 X-19.135 Y-4.067 Z20.842 E22.8200 F800
G1 X-18.805 Y-5.392 Z20.842 E22.8400 F800
G1 X-18.383 Y-6.691 Z20.842 E22.8600 F800
G1 X-17.872 Y-7.957 Z20.842 E22.8800 F800
G1 X-17.273 Y-9.184 Z20.842 E22.9000 F800
G1 X-16.590 Y-10.367 Z20.842 E22.9200 F800
G1 X-15.827 Y-11.499 Z20.842 E22.9400 F800
G1 X-14.986 Y-12.575 Z20.842 E22.9600 F800
G1 X-14.072 Y-13.590 Z20.842 E22.9800 F800
G1 X-13.090 Y-14.538 Z20.842 E23.0000 F800
G1 X-12.044 Y-15.416 Z20.842 E23.0200 F800
G1 X-10.939 Y-16.218 Z20.842 E23.0400 F800
G1 X-9.781 Y-16.942 Z20.842 E23.0600 F800
G1 X-8.576 Y-17.583 Z20.842 E23.0800 F800
G1 X-7.328 Y-18.138 Z20.842 E23.1000 F800
G1 X-6.045 Y-18.605 Z20.842 E23.1200 F800
G1 X-4.733 Y-18.982 Z20.842 E23.1400 F800
G1 X-3.397 Y-19.266 Z20.842 E23.1600 F800
G1 X-2.045 Y-19.456 Z20.842 E23.1800 F800
G1 X-0.683 Y-19.551 Z20.842 E23.2000 F800
G1 X0.683 Y-19.551 Z20.842 E23.2200 F800
G1 X2.045 Y-19.456 Z20.842 E23.2400 F800
G1 X3.397 Y-19.266 Z20.842 E23.2600 F800
G1 X4.733 Y-18.982 Z20.842 E23.2800 F800
G1 X6.045 Y-18.605 Z20.842 E23.3000 F800
G1 X7.328 Y-18.138 Z20.842 E23.3200 F800
G1 X8.576 Y-17.583 Z20.842 E23.3400 F800
G1 X9.781 Y-16.942 Z20.842 E23.3600 F800
G1 X10.939 Y-16.218 Z20.842 E23.3800 F800
G1 X12.044 Y-15.416 Z20.842 E23.4000 F800
G1 X13.090 Y-14.538 Z20.842 E23.4200 F800
G1 X14.072 Y-13.590 Z20.842 E23.4400 F800
G1 X14.986 Y-12.575 Z20.842 E23.4600 F800
G1 X15.827 Y-11.499 Z20.842 E23.4800 F800
G1 X16.590 Y-10.367 Z20.842 E23.5000 F800
G1 X17.273 Y-9.184 Z20.842 E23.5200 F800
G1 X17.872 Y-7.957 Z20.842 E23.5400 F800
G1 X18.383 Y-6.691 Z20.842 E23.5600 F800
G1 X18.805 Y-5.392 Z20.842 E23.5800 F800
G1 X19.135 Y-4.067 Z20.842 E23.6000 F800
G1 X19.373 Y-2.723 Z20.842 E23.6200 F800
G1 X19.515 Y-1.365 Z20.842 E23.6400 F800
G1 X19.563 Y-0.000 Z20.842 E23.6600 F800
G1 X19.890 Y-0.000 Z22.909 E23.6800 F800
G1 X19.842 Y-1.387 Z22.909 E23.7000 F800
G1 X19.697 Y-2.768 Z22.909 E23.7200 F800
G1 X19.456 Y-4.135 Z22.909 E23.7400 F800
G1 X19.120 Y-5.483 Z22.909 E23.7600 F800
G1 X18.691 Y-6.803 Z22.909 E23.7800 F800
G1 X18.171 Y-8.090 Z22.909 E23.8000 F800
G1 X17.562 Y-9.338 Z22.909 E23.8200 F800
G1 X16.868 Y-10.540 Z22.909 E23.8400 F800
G1 X16.092 Y-11.691 Z22.909 E23.8600 F800
G1 X15.237 Y-12.785 Z22.909 E23.8800 F800
G1 X14.308 Y-13.817 Z22.909 E23.9000 F800
G1 X13.309 Y-14.781 Z22.909 E23.9200 F800
G1 X12.246 Y-15.674 Z22.909 E23.9400 F800
G1 X11.123 Y-16.490 Z22.909 E23.9600 F800
G1 X9.945 Y-17.226 Z22.909 E23.9800 F800
G1 X8.719 Y-17.877 Z22.909 E24.0000 F800
G1 X7.451 Y-18.442 Z22.909 E24.0200 F800
G1 X6.146 Y-18.917 Z22.909 E24.0400 F800
G1 X4.812 Y-19.300 Z22.909 E24.0600 F800
G1 X3.454 Y-19.588 Z22.909 E24.0800 F800
G1 X2.079 Y-19.781 Z22.909 E24.1000 F800
G1 X0.694 Y-19.878 Z22.909 E24.1200 F800
G1 X-0.694 Y-19.878 Z22.909 E24.1400 F800
G1 X-2.079 Y-19.781 Z22.909 E24.1600 F800
G1 X-3.454 Y-19.588 Z22.909 E24.1800 F800
G1 X-4.812 Y-19.300 Z22.909 E24.2000 F800
G1 X-6.146 Y-18.917 Z22.909 E24.2200 F800
G1 X-7.451 Y-18.442 Z22.909 E24.2400 F800
G1 X-8.719 Y-17.877 Z22.909 E24.2600 F800
G1 X-9.945 Y-17.226 Z22.909 E24.2800 F800
G1 X-11.123 Y-16.490 Z22.909 E24.3000 F800
G1 X-12.246 Y-15.674 Z22.909 E24.3200 F800
G1 X-13.309 Y-14.781 Z22.909 E24.3400 F800
G1 X-14.308 Y-13.817 Z22.909 E24.3600 F800
G1 X-15.237 Y-12.785 Z22.909 E24.3800 F800
G1 X-16.092 Y-11.691 Z22.909 E24.4000 F800
G1 X-16.868 Y-10.540 Z22.909 E24.4200 F800
G1 X-17.562 Y-9.338 Z22.909 E24.4400 F800
G1 X-18.171 Y-8.090 Z22.909 E24.4600 F800
G1 X-18.691 Y-6.803 Z22.909 E24.4800 F800
G1 X-19.120 Y-5.483 Z22.909 E24.5000 F800
G1 X-19.456 Y-4.135 Z22.909 E24.5200 F800
G1 X-19.697 Y-2.768 Z22.909 E24.5400 F800
G1 X-19.842 Y-1.387 Z22.909 E24.5600 F800
G1 X-19.890 Y0.000 Z22.909 E24.5800 F800
G1 X-19.842 Y1.387 Z22.909 E24.6000 F800
G1 X-19.697 Y2.768 Z22.909 E24.6200 F800
G1 X-19.456 Y4.135 Z22.909 E24.6400 F800
G1 X-19.120 Y5.483 Z22.909 E24.6600 F800
G1 X-18.691 Y6.803 Z22.909 E24.6800 F800
G1 X-18.171 Y8.090 Z22.909 E24.7000 F800
G1 X-17.562 Y9.338 Z22.909 E24.7200 F800
G1 X-16.868 Y10.540 Z22.909 E24.7400 F800
G1 X-16.092 Y11.691 Z22.909 E24.7600 F800
G1 X-15.237 Y12.785 Z22.909 E24.7800 F800
G1 X-14.308 Y13.817 Z22.909 E24.8000 F800
G1 X-13.309 Y14.781 Z22.909 E24.8200 F800
G1 X-12.246 Y15.674 Z22.909 E24.8400 F800
G1 X-11.123 Y16.490 Z22.909 E24.8600 F800
G1 X-9.945 Y17.226 Z22.909 E24.8800 F800
G1 X-8.719 Y17.877 Z22.909 E24.9000 F800
G1 X-7.451 Y18.442 Z22.909 E24.9200 F800
G1 X-6.146 Y18.917 Z22.909 E24.9400 F800
G1 X-4.812 Y19.300 Z22.909 E24.9600 F800
G1 X-3.454 Y19.588 Z22.909 E24.9800 F800
G1 X-2.079 Y19.781 Z22.909 E25.0000 F800
G1 X-0.694 Y19.878 Z22.909 E25.0200 F800
G1 X0.694 Y19.878 Z22.909 E25.0400 F800
G1 X2.079 Y19.781 Z22.909 E25.0600 F800
G1 X3.454 Y19.588 Z22.909 E25.0800 F800
G1 X4.812 Y19.300 Z22.909 E25.1000 F800
G1 X6.146 Y18.917 Z22.909 E25.1200 F800
G1 X7.451 Y18.442 Z22.909 E25.1400 F800
G1 X8.719 Y17.877 Z22.909 E25.1600 F800
G1 X9.945 Y17.226 Z22.909 E25.1800 F800
G1 X11.123 Y16.490 Z22.909 E25.2000 F800
G1 X12.246 Y15.674 Z22.909 E25.2200 F800
G1 X13.309 Y14.781 Z22.909 E25.2400 F800
G1 X14.308 Y13.817 Z22.909 E25.2600 F800
G1 X15.237 Y12.785 Z22.909 E25.2800 F800
G1 X16.092 Y11.691 Z22.909 E25.3000 F800
G1 X16.868 Y10.540 Z22.909 E25.3200 F800
G1 X17.562 Y9.338 Z22.909 E25.3400 F800
G1 X18.171 Y8.090 Z22.909 E25.3600 F800
G1 X18.691 Y6.803 Z22.909 E25.3800 F800
G1 X19.120 Y5.483 Z22.909 E25.4000 F800
G1 X19.456 Y4.135 Z22.909 E25.4200 F800
G1 X19.697 Y2.768 Z22.909 E25.4400 F800
G1 X19.842 Y1.387 Z22.909 E25.4600 F800
G1 X19.890 Y0.000 Z22.909 E25.4800 F800
G1 X20.000 Y0.000 Z25.000 E25.5000 F800
G1 X19.951 Y1.395 Z25.000 E25.5200 F800
G1 X19.805 Y2.783 Z25.000 E25.5400 F800
G1 X19.563 Y4.158 Z25.000 E25.5600 F800
G1 X19.225 Y5.513 Z25.000 E25.5800 F800
G1 X18.794 Y6.840 Z25.000 E25.6000 F800
G1 X18.271 Y8.135 Z25.000 E25.6200 F800
G1 X17.659 Y9.389 Z25.000 E25.6400 F800
G1 X16.961 Y10.598 Z25.000 E25.6600 F800
G1 X16.180 Y11.756 Z25.000 E25.6800 F800
G1 X15.321 Y12.856 Z25.000 E25.7000 F800
G1 X14.387 Y13.893 Z25.000 E25.7200 F800
G1 X13.383 Y14.863 Z25.000 E25.7400 F800
G1 X12.313 Y15.760 Z25.000 E25.7600 F800
G1 X11.184 Y16.581 Z25.000 E25.7800 F800
G1 X10.000 Y17.321 Z25.000 E25.8000 F800
G1 X8.767 Y17.976 Z25.000 E25.8200 F800
G1 X7.492 Y18.544 Z25.000 E25.8400 F800
G1 X6.180 Y19.021 Z25.000 E25.8600 F800
G1 X4.838 Y19.406 Z25.000 E25.8800 F800
G1 X3.473 Y19.696 Z25.000 E25.9000 F800
G1 X2.091 Y19.890 Z25.000 E25.9200 F800
G1 X0.698 Y19.988 Z25.000 E25.9400 F800
G1 X-0.698 Y19.988 Z25.000 E25.9600 F800
G1 X-2.091 Y19.890 Z25.000 E25.9800 F800
G1 X-3.473 Y19.696 Z25.000 E26.0000 F800
G1 X-4.838 Y19.406 Z25.000 E26.0200 F800
G1 X-6.180 Y19.021 Z25.000 E26.0400 F800
G1 X-7.492 Y18.544 Z25.000 E26.0600 F800
G1 X-8.767 Y17.976 Z25.000 E26.0800 F800
G1 X-10.000 Y17.321 Z25.000 E26.1000 F800
G1 X-11.184 Y16.581 Z25.000 E26.1200 F800
G1 X-12.313 Y15.760 Z25.000 E26.1400 F800
G1 X-13.383 Y14.863 Z25.000 E26.1600 F800
G1 X-14.387 Y13.893 Z25.000 E26.1800 F800
G1 X-15.321 Y12.856 Z25.000 E26.2000 F800
G1 X-16.180 Y11.756 Z25.000 E26.2200 F800
G1 X-16.961 Y10.598 Z25.000 E26.2400 F800
G1 X-17.659 Y9.389 Z25.000 E26.2600 F800
G1 X-18.271 Y8.135 Z25.000 E26.2800 F800
G1 X-18.794 Y6.840 Z25.000 E26.3000 F800
G1 X-19.225 Y5.513 Z25.000 E26.3200 F800
G1 X-19.563 Y4.158 Z25.000 E26.3400 F800
G1 X-19.805 Y2.783 Z25.000 E26.3600 F800
G1 X-19.951 Y1.395 Z25.000 E26.3800 F800
G1 X-20.000 Y0.000 Z25.000 E26.4000 F800
G1 X-19.951 Y-1.395 Z25.000 E26.4200 F800
G1 X-19.805 Y-2.783 Z25.000 E26.4400 F800
G1 X-19.563 Y-4.158 Z25.000 E26.4600 F800
G1 X-19.225 Y-5.513 Z25.000 E26.4800 F800
G1 X-18.794 Y-6.840 Z25.000 E26.5000 F800
G1 X-18.271 Y-8.135 Z25.000 E26.5200 F800
G1 X-17.659 Y-9.389 Z25.000 E26.5400 F800
G1 X-16.961 Y-10.598 Z25.000 E26.5600 F800
G1 X-16.180 Y-11.756 Z25.000 E26.5800 F800
G1 X-15.321 Y-12.856 Z25.000 E26.6000 F800
G1 X-14.387 Y-13.893 Z25.000 E26.6200 F800
G1 X-13.383 Y-14.863 Z25.000 E26.6400 F800
G1 X-12.313 Y-15.760 Z25.000 E26.6600 F800
G1 X-11.184 Y-16.581 Z25.000 E26.6800 F800
G1 X-10.000 Y-17.321 Z25.000 E26.7000 F800
G1 X-8.767 Y-17.976 Z25.000 E26.7200 F800
G1 X-7.492 Y-18.544 Z25.000 E26.7400 F800
G1 X-6.180 Y-19.021 Z25.000 E26.7600 F800
G1 X-4.838 Y-19.406 Z25.000 E26.7800 F800
G1 X-3.473 Y-19.696 Z25.000 E26.8000 F800
G1 X-2.091 Y-19.890 Z25.000 E26.8200 F800
G1 X-0.698 Y-19.988 Z25.000 E26.8400 F800
G1 X0.698 Y-19.988 Z25.000 E26.8600 F800
G1 X2.091 Y-19.890 Z25.000 E26.8800 F800
G1 X3.473 Y-19.696 Z25.000 E26.9000 F800
G1 X4.838 Y-19.406 Z25.000 E26.9200 F800
G1 X6.180 Y-19.021 Z25.000 E26.9400 F800
G1 X7.492 Y-18.544 Z25.000 E26.9600 F800
G1 X8.767 Y-17.976 Z25.000 E26.9800 F800
G1 X10.000 Y-17.321 Z25.000 E27.0000 F800
G1 X11.184 Y-16.581 Z25.000 E27.0200 F800
G1 X12.313 Y-15.760 Z25.000 E27.0400 F800
G1 X13.383 Y-14.863 Z25.000 E27.0600 F800
G1 X14.387 Y-13.893 Z25.000 E27.0800 F800
G1 X15.321 Y-12.856 Z25.000 E27.1000 F800
G1 X16.180 Y-11.756 Z25.000 E27.1200 F800
G1 X16.961 Y-10.598 Z25.000 E27.1400 F800
G1 X17.659 Y-9.389 Z25.000 E27.1600 F800
G1 X18.271 Y-8.135 Z25.000 E27.1800 F800
G1 X18.794 Y-6.840 Z25.000 E27.2000 F800
G1 X19.225 Y-5.513 Z25.000 E27.2200 F800
G1 X19.563 Y-4.158 Z25.000 E27.2400 F800
G1 X19.805 Y-2.783 Z25.000 E27.2600 F800
G1 X19.951 Y-1.395 Z25.000 E27.2800 F800
G1 X20.000 Y-0.000 Z25.000 E27.3000 F800
G1 X19.890 Y-0.000 Z27.091 E27.3200 F800
G1 X19.842 Y-1.387 Z27.091 E27.3400 F800
G1 X19.697 Y-2.768 Z27.091 E27.3600 F800
G1 X19.456 Y-4.135 Z27.091 E27.3800 F800
G1 X19.120 Y-5.483 Z27.091 E27.4000 F800
G1 X18.691 Y-6.803 Z27.091 E27.4200 F800
G1 X18.171 Y-8.090 Z27.091 E27.4400 F800
G1 X17.562 Y-9.338 Z27.091 E27.4600 F800
G1 X16.868 Y-10.540 Z27.091 E27.4800 F800
G1 X16.092 Y-11.691 Z27.091 E27.5000 F800
G1 X15.237 Y-12.785 Z27.091 E27.5200 F800
G1 X14.308 Y-13.817 Z27.091 E27.5400 F800
G1 X13.309 Y-14.781 Z27.091 E27.5600 F800
G1 X12.246 Y-15.674 Z27.091 E27.5800 F800
G1 X11.123 Y-16.490 Z27.091 E27.6000 F800
G1 X9.945 Y-17.226 Z27.091 E27.6200 F800
G1 X8.719 Y-17.877 Z27.091 E27.6400 F800
G1 X7.451 Y-18.442 Z27.091 E27.6600 F800
G1 X6.146 Y-18.917 Z27.091 E27.6800 F800
G1 X4.812 Y-19.300 Z27.091 E27.7000 F800
G1 X3.454 Y-19.588 Z27.091 E27.7200 F800
G1 X2.079 Y-19.781 Z27.091 E27.7400 F800
G1 X0.694 Y-19.878 Z27.091 E27.7600 F800
G1 X-0.694 Y-19.878 Z27.091 E27.7800 F800
G1 X-2.079 Y-19.781 Z27.091 E27.8000 F800
G1 X-3.454 Y-19.588 Z27.091 E27.8200 F800
G1 X-4.812 Y-19.300 Z27.091 E27.8400 F800
G1 X-6.146 Y-18.917 Z27.091 E27.8600 F800
G1 X-7.451 Y-18.442 Z27.091 E27.8800 F800
G1 X-8.719 Y-17.877 Z27.091 E27.9000 F800
G1 X-9.945 Y-17.226 Z27.091 E27.9200 F800
G1 X-11.123 Y-16.490 Z27.091 E27.9400 F800
G1 X-12.246 Y-15.674 Z27.091 E27.9600 F800
G1 X-13.309 Y-14.781 Z27.091 E27.9800 F800
G1 X-14.308 Y-13.817 Z27.091 E28.0000 F800
G1 X-15.237 Y-12.785 Z27.091 E28.0200 F800
G1 X-16.092 Y-11.691 Z27.091 E28.0400 F800
G1 X-16.868 Y-10.540 Z27.091 E28.0600 F800
G1 X-17.562 Y-9.338 Z27.091 E28.0800 F800
G1 X-18.171 Y-8.090 Z27.091 E28.1000 F800
G1 X-18.691 Y-6.803 Z27.091 E28.1200 F800
G1 X-19.120 Y-5.483 Z27.091 E28.1400 F800
G1 X-19.456 Y-4.135 Z27.091 E28.1600 F800
G1 X-19.697 Y-2.768 Z27.091 E28.1800 F800
G1 X-19.842 Y-1.387 Z27.091 E28.2000 F800
G1 X-19.890 Y0.000 Z27.091 E28.2200 F800
G1 X-19.842 Y1.387 Z27.091 E28.2400 F800
G1 X-19.697 Y2.768 Z27.091 E28.2600 F800
G1 X-19.456 Y4.135 Z27.091 E28.2800 F800
G1 X-19.120 Y5.483 Z27.091 E28.3000 F800
G1 X-18.691 Y6.803 Z27.091 E28.3200 F800
G1 X-18.171 Y8.090 Z27.091 E28.3400 F800
G1 X-17.562 Y9.338 Z27.091 E28.3600 F800
G1 X-16.868 Y10.540 Z27.091 E28.3800 F800
G1 X-16.092 Y11.691 Z27.091 E28.4000 F800
G1 X-15.237 Y12.785 Z27.091 E28.4200 F800
G1 X-14.308 Y13.817 Z27.091 E28.4400 F800
G1 X-13.309 Y14.781 Z27.091 E28.4600 F800
G1 X-12.246 Y15.674 Z27.091 E28.4800 F800
G1 X-11.123 Y16.490 Z27.091 E28.5000 F800
G1 X-9.945 Y17.226 Z27.091 E28.5200 F800
G1 X-8.719 Y17.877 Z27.091 E28.5400 F800
G1 X-7.451 Y18.442 Z27.091 E28.5600 F800
G1 X-6.146 Y18.917 Z27.091 E28.5800 F800
G1 X-4.812 Y19.300 Z27.091 E28.6000 F800
G1 X-3.454 Y19.588 Z27.091 E28.6200 F800
G1 X-2.079 Y19.781 Z27.091 E28.6400 F800
G1 X-0.694 Y19.878 Z27.091 E28.6600 F800
G1 X0.694 Y19.878 Z27.091 E28.6800 F800
G1 X2.079 Y19.781 Z27.091 E28.7000 F800
G1 X3.454 Y19.588 Z27.091 E28.7200 F800
G1 X4.812 Y19.300 Z27.091 E28.7400 F800
G1 X6.146 Y18.917 Z27.091 E28.7600 F800
G1 X7.451 Y18.442 Z27.091 E28.7800 F800
G1 X8.719 Y17.877 Z27.091 E28.8000 F800
G1 X9.945 Y17.226 Z27.091 E28.8200 F800
G1 X11.123 Y16.490 Z27.091 E28.8400 F800
G1 X12.246 Y15.674 Z27.091 E28.8600 F800
G1 X13.309 Y14.781 Z27.091 E28.8800 F800
G1 X14.308 Y13.817 Z27.091 E28.9000 F800
G1 X15.237 Y12.785 Z27.091 E28.9200 F800
G1 X16.092 Y11.691 Z27.091 E28.9400 F800
G1 X16.868 Y10.540 Z27.091 E28.9600 F800
G1 X17.562 Y9.338 Z27.091 E28.9800 F800
G1 X18.171 Y8.090 Z27.091 E29.0000 F800
G1 X18.691 Y6.803 Z27.091 E29.0200 F800
G1 X19.120 Y5.483 Z27.091 E29.0400 F800
G1 X19.456 Y4.135 Z27.091 E29.0600 F800
G1 X19.697 Y2.768 Z27.091 E29.0800 F800
G1 X19.842 Y1.387 Z27.091 E29.1000 F800
G1 X19.890 Y0.000 Z27.091 E29.1200 F800
G1 X19.563 Y0.000 Z29.158 E29.1400 F800
G1 X19.515 Y1.365 Z29.158 E29.1600 F800
G1 X19.373 Y2.723 Z29.158 E29.1800 F800
G1 X19.135 Y4.067 Z29.158 E29.2000 F800
G1 X18.805 Y5.392 Z29.158 E29.2200 F800
G1 X18.383 Y6.691 Z29.158 E29.2400 F800
G1 X17.872 Y7.957 Z29.158 E29.2600 F800
G1 X17.273 Y9.184 Z29.158 E29.2800 F800
G1 X16.590 Y10.367 Z29.158 E29.3000 F800
G1 X15.827 Y11.499 Z29.158 E29.3200 F800
G1 X14.986 Y12.575 Z29.158 E29.3400 F800
G1 X14.072 Y13.590 Z29.158 E29.3600 F800
G1 X13.090 Y14.538 Z29.158 E29.3800 F800
G1 X12.044 Y15.416 Z29.158 E29.4000 F800
G1 X10.939 Y16.218 Z29.158 E29.4200 F800
G1 X9.781 Y16.942 Z29.158 E29.4400 F800
G1 X8.576 Y17.583 Z29.158 E29.4600 F800
G1 X7.328 Y18.138 Z29.158 E29.4800 F800
G1 X6.045 Y18.605 Z29.158 E29.5000 F800
G1 X4.733 Y18.982 Z29.158 E29.5200 F800
G1 X3.397 Y19.266 Z29.158 E29.5400 F800
G1 X2.045 Y19.456 Z29.158 E29.5600 F800
G1 X0.683 Y19.551 Z29.158 E29.5800 F800
G1 X-0.683 Y19.551 Z29.158 E29.6000 F800
G1 X-2.045 Y19.456 Z29.158 E29.6200 F800
G1 X-3.397 Y19.266 Z29.158 E29.6400 F800
G1 X-4.733 Y18.982 Z29.158 E29.6600 F800
G1 X-6.045 Y18.605 Z29.158 E29.6800 F800
G1 X-7.328 Y18.138 Z29.158 E29.7000 F800
G1 X-8.576 Y17.583 Z29.158 E29.7200 F800
G1 X-9.781 Y16.942 Z29.158 E29.7400 F800
G1 X-10.939 Y16.218 Z29.158 E29.7600 F800
G1 X-12.044 Y15.416 Z29.158 E29.7800 F800
G1 X-13.090 Y14.538 Z29.158 E29.8000 F800
G1 X-14.072 Y13.590 Z29.158 E29.8200 F800
G1 X-14.986 Y12.575 Z29.158 E29.8400 F800
G1 X-15.827 Y11.499 Z29.158 E29.8600 F800
G1 X-16.590 Y10.367 Z29.158 E29.8800 F800
G1 X-17.273 Y9.184 Z29.158 E29.9000 F800
G1 X-17.872 Y7.957 Z29.158 E29.9200 F800
G1 X-18.383 Y6.691 Z29.158 E29.9400 F800
G1 X-18.805 Y5.392 Z29.158 E29.9600 F800
G1 X-19.135 Y4.067 Z29.158 E29.9800 F800
G1 X-19.373 Y2.723 Z29.158 E30.0000 F800
G1 X-19.515 Y1.365 Z29.158 E30.0200 F800
G1 X-19.563 Y0.000 Z29.158 E30.0400 F800
G1 X-19.515 Y-1.365 Z29.158 E30.0600 F800
G1 X-19.373 Y-2.723 Z29.158 E30.0800 F800
G1 X-19.135 Y-4.067 Z29.158 E30.1000 F800
G1 X-18.805 Y-5.392 Z29.158 E30.1200 F800
G1 X-18.383 Y-6.691 Z29.158 E30.1400 F800
G1 X-17.872 Y-7.957 Z29.158 E30.1600 F800
G1 X-17.273 Y-9.184 Z29.158 E30.1800 F800
G1 X-16.590 Y-10.367 Z29.158 E30.2000 F800
G1 X-15.827 Y-11.499 Z29.158 E30.2200 F800
G1 X-14.986 Y-12.575 Z29.158 E30.2400 F800
G1 X-14.072 Y-13.590 Z29.158 E30.2600 F800
G1 X-13.090 Y-14.538 Z29.158 E30.2800 F800
G1 X-12.044 Y-15.416 Z29.158 E30.3000 F800
G1 X-10.939 Y-16.218 Z29.158 E30.3200 F800
G1 X-9.781 Y-16.942 Z29.158 E30.3400 F800
G1 X-8.576 Y-17.583 Z29.158 E30.3600 F800
G1 X-7.328 Y-18.138 Z29.158 E30.3800 F800
G1 X-6.045 Y-18.605 Z29.158 E30.4000 F800
G1 X-4.733 Y-18.982 Z29.158 E30.4200 F800
G1 X-3.397 Y-19.266 Z29.158 E30.4400 F800
G1 X-2.045 Y-19.456 Z29.158 E30.4600 F800
G1 X-0.683 Y-19.551 Z29.158 E30.4800 F800
G1 X0.683 Y-19.551 Z29.158 E30.5000 F800
G1 X2.045 Y-19.456 Z29.158 E30.5200 F800
G1 X3.397 Y-19.266 Z29.158 E30.5400 F800
G1 X4.733 Y-18.982 Z29.158 E30.5600 F800
G1 X6.045 Y-18.605 Z29.158 E30.5800 F800
G1 X7.328 Y-18.138 Z29.158 E30.6000 F800
G1 X8.576 Y-17.583 Z29.158 E30.6200 F800
G1 X9.781 Y-16.942 Z29.158 E30.6400 F800
G1 X10.939 Y-16.218 Z29.158 E30.6600 F800
G1 X12.044 Y-15.416 Z29.158 E30.6800 F800
G1 X13.090 Y-14.538 Z29.158 E30.7000 F800
G1 X14.072 Y-13.590 Z29.158 E30.7200 F800
G1 X14.986 Y-12.575 Z29.158 E30.7400 F800
G1 X15.827 Y-11.499 Z29.158 E30.7600 F800
G1 X16.590 Y-10.367 Z29.158 E30.7800 F800
G1 X17.273 Y-9.184 Z29.158 E30.8000 F800
G1 X17.872 Y-7.957 Z29.158 E30.8200 F800
G1 X18.383 Y-6.691 Z29.158 E30.8400 F800
G1 X18.805 Y-5.392 Z29.158 E30.8600 F800
G1 X19.135 Y-4.067 Z29.158 E30.8800 F800
G1 X19.373 Y-2.723 Z29.158 E30.9000 F800
G1 X19.515 Y-1.365 Z29.158 E30.9200 F800
G1 X19.563 Y-0.000 Z29.158 E30.9400 F800
G1 X19.021 Y-0.000 Z31.180 E30.9600 F800
G1 X18.975 Y-1.327 Z31.180 E30.9800 F800
G1 X18.836 Y-2.647 Z31.180 E31.0000 F800
G1 X18.605 Y-3.955 Z31.180 E31.0200 F800
G1 X18.284 Y-5.243 Z31.180 E31.0400 F800
G1 X17.874 Y-6.506 Z31.180 E31.0600 F800
G1 X17.377 Y-7.737 Z31.180 E31.0800 F800
G1 X16.795 Y-8.930 Z31.180 E31.1000 F800
G1 X16.131 Y-10.080 Z31.180 E31.1200 F800
G1 X15.388 Y-11.180 Z31.180 E31.1400 F800
G1 X14.571 Y-12.227 Z31.180 E31.1600 F800
G1 X13.683 Y-13.213 Z31.180 E31.1800 F800
G1 X12.728 Y-14.135 Z31.180 E31.2000 F800
G1 X11.711 Y-14.989 Z31.180 E31.2200 F800
G1 X10.636 Y-15.769 Z31.180 E31.2400 F800
G1 X9.511 Y-16.473 Z31.180 E31.2600 F800
G1 X8.338 Y-17.096 Z31.180 E31.2800 F800
G1 X7.125 Y-17.636 Z31.180 E31.3000 F800
G1 X5.878 Y-18.090 Z31.180 E31.3200 F800
G1 X4.602 Y-18.456 Z31.180 E31.3400 F800
G1 X3.303 Y-18.732 Z31.180 E31.3600 F800
G1 X1.988 Y-18.917 Z31.180 E31.3800 F800
G1 X0.664 Y-19.010 Z31.180 E31.4000 F800
G1 X-0.664 Y-19.010 Z31.180 E31.4200 F800
G1 X-1.988 Y-18.917 Z31.180 E31.4400 F800
G1 X-3.303 Y-18.732 Z31.180 E31.4600 F800
G1 X-4.602 Y-18.456 Z31.180 E31.4800 F800
G1 X-5.878 Y-18.090 Z31.180 E31.5000 F800
G1 X-7.125 Y-17.636 Z31.180 E31.5200 F800
G1 X-8.338 Y-17.096 Z31.180 E31.5400 F800
G1 X-9.511 Y-16.473 Z31.180 E31.5600 F800
G1 X-10.636 Y-15.769 Z31.180 E31.5800 F800
G1 X-11.711 Y-14.989 Z31.180 E31.6000 F800
G1 X-12.728 Y-14.135 Z31.180 E31.6200 F800
G1 X-13.683 Y-13.213 Z31.180 E31.6400 F800
G1 X-14.571 Y-12.227 Z31.180 E31.6600 F800
G1 X-15.388 Y-11.180 Z31.180 E31.6800 F800
G1 X-16.131 Y-10.080 Z31.180 E31.7000 F800
G1 X-16.795 Y-8.930 Z31.180 E31.7200 F800
G1 X-17.377 Y-7.737 Z31.180 E31.7400 F800
G1 X-17.874 Y-6.506 Z31.180 E31.7600 F800
G1 X-18.284 Y-5.243 Z31.180 E31.7800 F800
G1 X-18.605 Y-3.955 Z31.180 E31.8000 F800
G1 X-18.836 Y-2.647 Z31.180 E31.8200 F800
G1 X-18.975 Y-1.327 Z31.180 E31.8400 F800
G1 X-19.021 Y0.000 Z31.180 E31.8600 F800
G1 X-18.975 Y1.327 Z31.180 E31.8800 F800
G1 X-18.836 Y2.647 Z31.180 E31.9000 F800
G1 X-18.605 Y3.955 Z31.180 E31.9200 F800
G1 X-18.284 Y5.243 Z31.180 E31.9400 F800
G1 X-17.874 Y6.506 Z31.180 E31.9600 F800
G1 X-17.377 Y7.737 Z31.180 E31.9800 F800
G1 X-16.795 Y8.930 Z31.180 E32.0000 F800
G1 X-16.131 Y10.080 Z31.180 E32.0200 F800
G1 X-15.388 Y11.180 Z31.180 E32.0400 F800
G1 X-14.571 Y12.227 Z31.180 E32.0600 F800
G1 X-13.683 Y13.213 Z31.180 E32.0800 F800
G1 X-12.728 Y14.135 Z31.180 E32.1000 F800
G1 X-11.711 Y14.989 Z31.180 E32.1200 F800
G1 X-10.636 Y15.769 Z31.180 E32.1400 F800
G1 X-9.511 Y16.473 Z31.180 E32.1600 F800
G1 X-8.338 Y17.096 Z31.180 E32.1800 F800
G1 X-7.125 Y17.636 Z31.180 E32.2000 F800
G1 X-5.878 Y18.090 Z31.180 E32.2200 F800
G1 X-4.602 Y18.456 Z31.180 E32.2400 F800
G1 X-3.303 Y18.732 Z31.180 E32.2600 F800
G1 X-1.988 Y18.917 Z31.180 E32.2800 F800
G1 X-0.664 Y19.010 Z31.180 E32.3000 F800
G1 X0.664 Y19.010 Z31.180 E32.3200 F800
G1 X1.988 Y18.917 Z31.180 E32.3400 F800
G1 X3.303 Y18.732 Z31.180 E32.3600 F800
G1 X4.602 Y18.456 Z31.180 E32.3800 F800
G1 X5.878 Y18.090 Z31.180 E32.4000 F800
G1 X7.125 Y17.636 Z31.180 E32.4200 F800
G1 X8.338 Y17.096 Z31.180 E32.4400 F800
G1 X9.511 Y16.473 Z31.180 E32.4600 F800
G1 X10.636 Y15.769 Z31.180 E32.4800 F800
G1 X11.711 Y14.989 Z31.180 E32.5000 F800
G1 X12.728 Y14.135 Z31.180 E32.5200 F800
G1 X13.683 Y13.213 Z31.180 E32.5400 F800
G1 X14.571 Y12.227 Z31.180 E32.5600 F800
G1 X15.388 Y11.180 Z31.180 E32.5800 F800
G1 X16.131 Y10.080 Z31.180 E32.6000 F800
G1 X16.795 Y8.930 Z31.180 E32.6200 F800
G1 X17.377 Y7.737 Z31.180 E32.6400 F800
G1 X17.874 Y6.506 Z31.180 E32.6600 F800
G1 X18.284 Y5.243 Z31.180 E32.6800 F800
G1 X18.605 Y3.955 Z31.180 E32.7000 F800
G1 X18.836 Y2.647 Z31.180 E32.7200 F800
G1 X18.975 Y1.327 Z31.180 E32.7400 F800
G1 X19.021 Y0.000 Z31.180 E32.7600 F800
G1 X18.271 Y0.000 Z33.135 E32.7800 F800
G1 X18.226 Y1.275 Z33.135 E32.8000 F800
G1 X18.093 Y2.543 Z33.135 E32.8200 F800
G1 X17.872 Y3.799 Z33.135 E32.8400 F800
G1 X17.563 Y5.036 Z33.135 E32.8600 F800
G1 X17.169 Y6.249 Z33.135 E32.8800 F800
G1 X16.691 Y7.431 Z33.135 E32.9000 F800
G1 X16.132 Y8.578 Z33.135 E32.9200 F800
G1 X15.495 Y9.682 Z33.135 E32.9400 F800
G1 X14.781 Y10.739 Z33.135 E32.9600 F800
G1 X13.996 Y11.744 Z33.135 E32.9800 F800
G1 X13.143 Y12.692 Z33.135 E33.0000 F800
G1 X12.226 Y13.578 Z33.135 E33.0200 F800
G1 X11.249 Y14.398 Z33.135 E33.0400 F800
G1 X10.217 Y15.147 Z33.135 E33.0600 F800
G1 X9.135 Y15.823 Z33.135 E33.0800 F800
G1 X8.009 Y16.422 Z33.135 E33.1000 F800
G1 X6.844 Y16.940 Z33.135 E33.1200 F800
G1 X5.646 Y17.377 Z33.135 E33.1400 F800
G1 X4.420 Y17.728 Z33.135 E33.1600 F800
G1 X3.173 Y17.993 Z33.135 E33.1800 F800
G1 X1.910 Y18.171 Z33.135 E33.2000 F800
G1 X0.638 Y18.260 Z33.135 E33.2200 F800
G1 X-0.638 Y18.260 Z33.135 E33.2400 F800
G1 X-1.910 Y18.171 Z33.135 E33.2600 F800
G1 X-3.173 Y17.993 Z33.135 E33.2800 F800
G1 X-4.420 Y17.728 Z33.135 E33.3000 F800
G1 X-5.646 Y17.377 Z33.135 E33.3200 F800
G1 X-6.844 Y16.940 Z33.135 E33.3400 F800
G1 X-8.009 Y16.422 Z33.135 E33.3600 F800
G1 X-9.135 Y15.823 Z33.135 E33.3800 F800
G1 X-10.217 Y15.147 Z33.135 E33.4000 F800
G1 X-11.249 Y14.398 Z33.135 E33.4200 F800
G1 X-12.226 Y13.578 Z33.135 E33.4400 F800
G1 X-13.143 Y12.692 Z33.135 E33.4600 F800
G1 X-13.996 Y11.744 Z33.135 E33.4800 F800
G1 X-14.781 Y10.739 Z33.135 E33.5000 F800
G1 X-15.495 Y9.682 Z33.135 E33.5200 F800
G1 X-16.132 Y8.578 Z33.135 E33.5400 F800
G1 X-16.691 Y7.431 Z33.135 E33.5600 F800
G1 X-17.169 Y6.249 Z33.135 E33.5800 F800
G1 X-17.563 Y5.036 Z33.135 E33.6000 F800
G1 X-17.872 Y3.799 Z33.135 E33.6200 F800
G1 X-18.093 Y2.543 Z33.135 E33.6400 F800
G1 X-18.226 Y1.275 Z33.135 E33.6600 F800
G1 X-18.271 Y0.000 Z33.135 E33.6800 F800
G1 X-18.226 Y-1.275 Z33.135 E33.7000 F800
G1 X-18.093 Y-2.543 Z33.135 E33.7200 F800
G1 X-17.872 Y-3.799 Z33.135 E33.7400 F800
G1 X-17.563 Y-5.036 Z33.135 E33.7600 F800
G1 X-17.169 Y-6.249 Z33.135 E33.7800 F800
G1 X-16.691 Y-7.431 Z33.135 E33.8000 F800
G1 X-16.132 Y-8.578 Z33.135 E33.8200 F800
G1 X-15.495 Y-9.682 Z33.135 E33.8400 F800
G1 X-14.781 Y-10.739 Z33.135 E33.8600 F800
G1 X-13.996 Y-11.744 Z33.135 E33.8800 F800
G1 X-13.143 Y-12.692 Z33.135 E33.9000 F800
G1 X-12.226 Y-13.578 Z33.135 E33.9200 F800
G1 X-11.249 Y-14.398 Z33.135 E33.9400 F800
G1 X-10.217 Y-15.147 Z33.135 E33.9600 F800
G1 X-9.135 Y-15.823 Z33.135 E33.9800 F800
G1 X-8.009 Y-16.422 Z33.135 E34.0000 F800
G1 X-6.844 Y-16.940 Z33.135 E34.0200 F800
G1 X-5.646 Y-17.377 Z33.135 E34.0400 F800
G1 X-4.420 Y-17.728 Z33.135 E34.0600 F800
G1 X-3.173 Y-17.993 Z33.135 E34.0800 F800
G1 X-1.910 Y-18.171 Z33.135 E34.1000 F800
G1 X-0.638 Y-18.260 Z33.135 E34.1200 F800
G1 X0.638 Y-18.260 Z33.135 E34.1400 F800
G1 X1.910 Y-18.171 Z33.135 E34.1600 F800
G1 X3.173 Y-17.993 Z33.135 E34.1800 F800
G1 X4.420 Y-17.728 Z33.135 E34.2000 F800
G1 X5.646 Y-17.377 Z33.135 E34.2200 F800
G1 X6.844 Y-16.940 Z33.135 E34.2400 F800
G1 X8.009 Y-16.422 Z33.135 E34.2600 F800
G1 X9.135 Y-15.823 Z33.135 E34.2800 F800
G1 X10.217 Y-15.147 Z33.135 E34.3000 F800
G1 X11.249 Y-14.398 Z33.135 E34.3200 F800
G1 X12.226 Y-13.578 Z33.135 E34.3400 F800
G1 X13.143 Y-12.692 Z33.135 E34.3600 F800
G1 X13.996 Y-11.744 Z33.135 E34.3800 F800
G1 X14.781 Y-10.739 Z33.135 E34.4000 F800
G1 X15.495 Y-9.682 Z33.135 E34.4200 F800
G1 X16.132 Y-8.578 Z33.135 E34.4400 F800
G1 X16.691 Y-7.431 Z33.135 E34.4600 F800
G1 X17.169 Y-6.249 Z33.135 E34.4800 F800
G1 X17.563 Y-5.036 Z33.135 E34.5000 F800
G1 X17.872 Y-3.799 Z33.135 E34.5200 F800
G1 X18.093 Y-2.543 Z33.135 E34.5400 F800
G1 X18.226 Y-1.275 Z33.135 E34.5600 F800
G1 X18.271 Y-0.000 Z33.135 E34.5800 F800
G1 X17.321 Y-0.000 Z35.000 E34.6000 F800
G1 X17.278 Y-1.208 Z35.000 E34.6200 F800
G1 X17.152 Y-2.411 Z35.000 E34.6400 F800
G1 X16.942 Y-3.601 Z35.000 E34.6600 F800
G1 X16.650 Y-4.774 Z35.000 E34.6800 F800
G1 X16.276 Y-5.924 Z35.000 E34.7000 F800
G1 X15.823 Y-7.045 Z35.000 E34.7200 F800
G1 X15.293 Y-8.131 Z35.000 E34.7400 F800
G1 X14.689 Y-9.178 Z35.000 E34.7600 F800
G1 X14.013 Y-10.181 Z35.000 E34.7800 F800
G1 X13.268 Y-11.133 Z35.000 E34.8000 F800
G1 X12.459 Y-12.032 Z35.000 E34.8200 F800
G1 X11.590 Y-12.872 Z35.000 E34.8400 F800
G1 X10.664 Y-13.649 Z35.000 E34.8600 F800
G1 X9.686 Y-14.359 Z35.000 E34.8800 F800
G1 X8.660 Y-15.000 Z35.000 E34.9000 F800
G1 X7.593 Y-15.568 Z35.000 E34.9200 F800
G1 X6.488 Y-16.059 Z35.000 E34.9400 F800
G1 X5.352 Y-16.473 Z35.000 E34.9600 F800
G1 X4.190 Y-16.806 Z35.000 E34.9800 F800
G1 X3.008 Y-17.057 Z35.000 E35.0000 F800
G1 X1.810 Y-17.226 Z35.000 E35.0200 F800
G1 X0.604 Y-17.310 Z35.000 E35.0400 F800
G1 X-0.604 Y-17.310 Z35.000 E35.0600 F800
G1 X-1.810 Y-17.226 Z35.000 E35.0800 F800
G1 X-3.008 Y-17.057 Z35.000 E35.1000 F800
G1 X-4.190 Y-16.806 Z35.000 E35.1200 F800
G1 X-5.352 Y-16.473 Z35.000 E35.1400 F800
G1 X-6.488 Y-16.059 Z35.000 E35.1600 F800
G1 X-7.593 Y-15.568 Z35.000 E35.1800 F800
G1 X-8.660 Y-15.000 Z35.000 E35.2000 F800
G1 X-9.686 Y-14.359 Z35.000 E35.2200 F800
G1 X-10.664 Y-13.649 Z35.000 E35.2400 F800
G1 X-11.590 Y-12.872 Z35.000 E35.2600 F800
G1 X-12.459 Y-12.032 Z35.000 E35.2800 F800
G1 X-13.268 Y-11.133 Z35.000 E35.3000 F800
G1 X-14.013 Y-10.181 Z35.000 E35.3200 F800
G1 X-14.689 Y-9.178 Z35.000 E35.3400 F800
G1 X-15.293 Y-8.131 Z35.000 E35.3600 F800
G1 X-15.823 Y-7.045 Z35.000 E35.3800 F800
G1 X-16.276 Y-5.924 Z35.000 E35.4000 F800
G1 X-16.650 Y-4.774 Z35.000 E35.4200 F800
G1 X-16.942 Y-3.601 Z35.000 E35.4400 F800
G1 X-17.152 Y-2.411 Z35.000 E35.4600 F800
G1 X-17.278 Y-1.208 Z35.000 E35.4800 F800
G1 X-17.321 Y0.000 Z35.000 E35.5000 F800
G1 X-17.278 Y1.208 Z35.000 E35.5200 F800
G1 X-17.152 Y2.411 Z35.000 E35.5400 F800
G1 X-16.942 Y3.601 Z35.000 E35.5600 F800
G1 X-16.650 Y4.774 Z35.000 E35.5800 F800
G1 X-16.276 Y5.924 Z35.000 E35.6000 F800
G1 X-15.823 Y7.045 Z35.000 E35.6200 F800
G1 X-15.293 Y8.131 Z35.000 E35.6400 F800
G1 X-14.689 Y9.178 Z35.000 E35.6600 F800
G1 X-14.013 Y10.181 Z35.000 E35.6800 F800
G1 X-13.268 Y11.133 Z35.000 E35.7000 F800
G1 X-12.459 Y12.032 Z35.000 E35.7200 F800
G1 X-11.590 Y12.872 Z35.000 E35.7400 F800
G1 X-10.664 Y13.649 Z35.000 E35.7600 F800
G1 X-9.686 Y14.359 Z35.000 E35.7800 F800
G1 X-8.660 Y15.000 Z35.000 E35.8000 F800
G1 X-7.593 Y15.568 Z35.000 E35.8200 F800
G1 X-6.488 Y16.059 Z35.000 E35.8400 F800
G1 X-5.352 Y16.473 Z35.000 E35.8600 F800
G1 X-4.190 Y16.806 Z35.000 E35.8800 F800
G1 X-3.008 Y17.057 Z35.000 E35.9000 F800
G1 X-1.810 Y17.226 Z35.000 E35.9200 F800
G1 X-0.604 Y17.310 Z35.000 E35.9400 F800
G1 X0.604 Y17.310 Z35.000 E35.9600 F800
G1 X1.810 Y17.226 Z35.000 E35.9800 F800
G1 X3.008 Y17.057 Z35.000 E36.0000 F800
G1 X4.190 Y16.806 Z35.000 E36.0200 F800
G1 X5.352 Y16.473 Z35.000 E36.0400 F800
G1 X6.488 Y16.059 Z35.000 E36.0600 F800
G1 X7.593 Y15.568 Z35.000 E36.0800 F800
G1 X8.660 Y15.000 Z35.000 E36.1000 F800
G1 X9.686 Y14.359 Z35.000 E36.1200 F800
G1 X10.664 Y13.649 Z35.000 E36.1400 F800
G1 X11.590 Y12.872 Z35.000 E36.1600 F800
G1 X12.459 Y12.032 Z35.000 E36.1800 F800
G1 X13.268 Y11.133 Z35.000 E36.2000 F800
G1 X14.013 Y10.181 Z35.000 E36.2200 F800
G1 X14.689 Y9.178 Z35.000 E36.2400 F800
G1 X15.293 Y8.131 Z35.000 E36.2600 F800
G1 X15.823 Y7.045 Z35.000 E36.2800 F800
G1 X16.276 Y5.924 Z35.000 E36.3000 F800
G1 X16.650 Y4.774 Z35.000 E36.3200 F800
G1 X16.942 Y3.601 Z35.000 E36.3400 F800
G1 X17.152 Y2.411 Z35.000 E36.3600 F800
G1 X17.278 Y1.208 Z35.000 E36.3800 F800
G1 X17.321 Y0.000 Z35.000 E36.4000 F800
G1 X16.180 Y0.000 Z36.756 E36.4200 F800
G1 X16.141 Y1.129 Z36.756 E36.4400 F800
G1 X16.023 Y2.252 Z36.756 E36.4600 F800
G1 X15.827 Y3.364 Z36.756 E36.4800 F800
G1 X15.554 Y4.460 Z36.756 E36.5000 F800
G1 X15.205 Y5.534 Z36.756 E36.5200 F800
G1 X14.781 Y6.581 Z36.756 E36.5400 F800
G1 X14.286 Y7.596 Z36.756 E36.5600 F800
G1 X13.722 Y8.574 Z36.756 E36.5800 F800
G1 X13.090 Y9.511 Z36.756 E36.6000 F800
G1 X12.395 Y10.401 Z36.756 E36.6200 F800
G1 X11.639 Y11.240 Z36.756 E36.6400 F800
G1 X10.827 Y12.024 Z36.756 E36.6600 F800
G1 X9.962 Y12.750 Z36.756 E36.6800 F800
G1 X9.048 Y13.414 Z36.756 E36.7000 F800
G1 X8.090 Y14.013 Z36.756 E36.7200 F800
G1 X7.093 Y14.543 Z36.756 E36.7400 F800
G1 X6.061 Y15.002 Z36.756 E36.7600 F800
G1 X5.000 Y15.388 Z36.756 E36.7800 F800
G1 X3.914 Y15.700 Z36.756 E36.8000 F800
G1 X2.810 Y15.935 Z36.756 E36.8200 F800
G1 X1.691 Y16.092 Z36.756 E36.8400 F800
G1 X0.565 Y16.170 Z36.756 E36.8600 F800
G1 X-0.565 Y16.170 Z36.756 E36.8800 F800
G1 X-1.691 Y16.092 Z36.756 E36.9000 F800
G1 X-2.810 Y15.935 Z36.756 E36.9200 F800
G1 X-3.914 Y15.700 Z36.756 E36.9400 F800
G1 X-5.000 Y15.388 Z36.756 E36.9600 F800
G1 X-6.061 Y15.002 Z36.756 E36.9800 F800
G1 X-7.093 Y14.543 Z36.756 E37.0000 F800
G1 X-8.090 Y14.013 Z36.756 E37.0200 F800
G1 X-9.048 Y13.414 Z36.756 E37.0400 F800
G1 X-9.962 Y12.750 Z36.756 E37.0600 F800
G1 X-10.827 Y12.024 Z36.756 E37.0800 F800
G1 X-11.639 Y11.240 Z36.756 E37.1000 F800
G1 X-12.395 Y10.401 Z36.756 E37.1200 F800
G1 X-13.090 Y9.511 Z36.756 E37.1400 F800
G1 X-13.722 Y8.574 Z36.756 E37.1600 F800
G1 X-14.286 Y7.596 Z36.756 E37.1800 F800
G1 X-14.781 Y6.581 Z36.756 E37.2000 F800
G1 X-15.205 Y5.534 Z36.756 E37.2200 F800
G1 X-15.554 Y4.460 Z36.756 E37.2400 F800
G1 X-15.827 Y3.364 Z36.756 E37.2600 F800
G1 X-16.023 Y2.252 Z36.756 E37.2800 F800
G1 X-16.141 Y1.129 Z36.756 E37.3000 F800
G1 X-16.180 Y0.000 Z36.756 E37.3200 F800
G1 X-16.141 Y-1.129 Z36.756 E37.3400 F800
G1 X-16.023 Y-2.252 Z36.756 E37.3600 F800
G1 X-15.827 Y-3.364 Z36.756 E37.3800 F800
G1 X-15.554 Y-4.460 Z36.756 E37.4000 F800
G1 X-15.205 Y-5.534 Z36.756 E37.4200 F800
G1 X-14.781 Y-6.581 Z36.756 E37.4400 F800
G1 X-14.286 Y-7.596 Z36.756 E37.4600 F800
G1 X-13.722 Y-8.574 Z36.756 E37.4800 F800
G1 X-13.090 Y-9.511 Z36.756 E37.5000 F800
G1 X-12.395 Y-10.401 Z36.756 E37.5200 F800
G1 X-11.639 Y-11.240 Z36.756 E37.5400 F800
G1 X-10.827 Y-12.024 Z36.756 E37.5600 F800
G1 X-9.962 Y-12.750 Z36.756 E37.5800 F800
G1 X-9.048 Y-13.414 Z36.756 E37.6000 F800
G1 X-8.090 Y-14.013 Z36.756 E37.6200 F800
G1 X-7.093 Y-14.543 Z36.756 E37.6400 F800
G1 X-6.061 Y-15.002 Z36.756 E37.6600 F800
G1 X-5.000 Y-15.388 Z36.756 E37.6800 F800
G1 X-3.914 Y-15.700 Z36.756 E37.7000 F800
G1 X-2.810 Y-15.935 Z36.756 E37.7200 F800
G1 X-1.691 Y-16.092 Z36.756 E37.7400 F800
G1 X-0.565 Y-16.170 Z36.756 E37.7600 F800
G1 X0.565 Y-16.170 Z36.756 E37.7800 F800
G1 X1.691 Y-16.092 Z36.756 E37.8000 F800
G1 X2.810 Y-15.935 Z36.756 E37.8200 F800
G1 X3.914 Y-15.700 Z36.756 E37.8400 F800
G1 X5.000 Y-15.388 Z36.756 E37.8600 F800
G1 X6.061 Y-15.002 Z36.756 E37.8800 F800
G1 X7.093 Y-14.543 Z36.756 E37.9000 F800
G1 X8.090 Y-14.013 Z36.756 E37.9200 F800
G1 X9.048 Y-13.414 Z36.756 E37.9400 F800
G1 X9.962 Y-12.750 Z36.756 E37.9600 F800
G1 X10.827 Y-12.024 Z36.756 E37.9800 F800
G1 X11.639 Y-11.240 Z36.756 E38.0000 F800
G1 X12.395 Y-10.401 Z36.756 E38.0200 F800
G1 X13.090 Y-9.511 Z36.756 E38.0400 F800
G1 X13.722 Y-8.574 Z36.756 E38.0600 F800
G1 X14.286 Y-7.596 Z36.756 E38.0800 F800
G1 X14.781 Y-6.581 Z36.756 E38.1000 F800
G1 X15.205 Y-5.534 Z36.756 E38.1200 F800
G1 X15.554 Y-4.460 Z36.756 E38.1400 F800
G1 X15.827 Y-3.364 Z36.756 E38.1600 F800
G1 X16.023 Y-2.252 Z36.756 E38.1800 F800
G1 X16.141 Y-1.129 Z36.756 E38.2000 F800
G1 X16.180 Y-0.000 Z36.756 E38.2200 F800
G1 X14.863 Y-0.000 Z38.383 E38.2400 F800
G1 X14.827 Y-1.037 Z38.383 E38.2600 F800
G1 X14.718 Y-2.069 Z38.383 E38.2800 F800
G1 X14.538 Y-3.090 Z38.383 E38.3000 F800
G1 X14.287 Y-4.097 Z38.383 E38.3200 F800
G1 X13.967 Y-5.083 Z38.383 E38.3400 F800
G1 X13.578 Y-6.045 Z38.383 E38.3600 F800
G1 X13.123 Y-6.978 Z38.383 E38.3800 F800
G1 X12.604 Y-7.876 Z38.383 E38.4000 F800
G1 X12.024 Y-8.736 Z38.383 E38.4200 F800
G1 X11.386 Y-9.554 Z38.383 E38.4400 F800
G1 X10.691 Y-10.325 Z38.383 E38.4600 F800
G1 X9.945 Y-11.045 Z38.383 E38.4800 F800
G1 X9.151 Y-11.712 Z38.383 E38.5000 F800
G1 X8.311 Y-12.322 Z38.383 E38.5200 F800
G1 X7.431 Y-12.872 Z38.383 E38.5400 F800
G1 X6.515 Y-13.359 Z38.383 E38.5600 F800
G1 X5.568 Y-13.781 Z38.383 E38.5800 F800
G1 X4.593 Y-14.135 Z38.383 E38.6000 F800
G1 X3.596 Y-14.421 Z38.383 E38.6200 F800
G1 X2.581 Y-14.637 Z38.383 E38.6400 F800
G1 X1.554 Y-14.781 Z38.383 E38.6600 F800
G1 X0.519 Y-14.854 Z38.383 E38.6800 F800
G1 X-0.519 Y-14.854 Z38.383 E38.7000 F800
G1 X-1.554 Y-14.781 Z38.383 E38.7200 F800
G1 X-2.581 Y-14.637 Z38.383 E38.7400 F800
G1 X-3.596 Y-14.421 Z38.383 E38.7600 F800
G1 X-4.593 Y-14.135 Z38.383 E38.7800 F800
G1 X-5.568 Y-13.781 Z38.383 E38.8000 F800
G1 X-6.515 Y-13.359 Z38.383 E38.8200 F800
G1 X-7.431 Y-12.872 Z38.383 E38.8400 F800
G1 X-8.311 Y-12.322 Z38.383 E38.8600 F800
G1 X-9.151 Y-11.712 Z38.383 E38.8800 F800
G1 X-9.945 Y-11.045 Z38.383 E38.9000 F800
G1 X-10.691 Y-10.325 Z38.383 E38.9200 F800
G1 X-11.386 Y-9.554 Z38.383 E38.9400 F800
G1 X-12.024 Y-8.736 Z38.383 E38.9600 F800
G1 X-12.604 Y-7.876 Z38.383 E38.9800 F800
G1 X-13.123 Y-6.978 Z38.383 E39.0000 F800
G1 X-13.578 Y-6.045 Z38.383 E39.0200 F800
G1 X-13.967 Y-5.083 Z38.383 E39.0400 F800
G1 X-14.287 Y-4.097 Z38.383 E39.0600 F800
G1 X-14.538 Y-3.090 Z38.383 E39.0800 F800
G1 X-14.718 Y-2.069 Z38.383 E39.1000 F800
G1 X-14.827 Y-1.037 Z38.383 E39.1200 F800
G1 X-14.863 Y0.000 Z38.383 E39.1400 F800
G1 X-14.827 Y1.037 Z38.383 E39.1600 F800
G1 X-14.718 Y2.069 Z38.383 E39.1800 F800
G1 X-14.538 Y3.090 Z38.383 E39.2000 F800
G1 X-14.287 Y4.097 Z38.383 E39.2200 F800
G1 X-13.967 Y5.083 Z38.383 E39.2400 F800
G1 X-13.578 Y6.045 Z38.383 E39.2600 F800
G1 X-13.123 Y6.978 Z38.383 E39.2800 F800
G1 X-12.604 Y7.876 Z38.383 E39.3000 F800
G1 X-12.024 Y8.736 Z38.383 E39.3200 F800
G1 X-11.386 Y9.554 Z38.383 E39.3400 F800
G1 X-10.691 Y10.325 Z38.383 E39.3600 F800
G1 X-9.945 Y11.045 Z38.383 E39.3800 F800
G1 X-9.151 Y11.712 Z38.383 E39.4000 F800
G1 X-8.311 Y12.322 Z38.383 E39.4200 F800
G1 X-7.431 Y12.872 Z38.383 E39.4400 F800
G1 X-6.515 Y13.359 Z38.383 E39.4600 F800
G1 X-5.568 Y13.781 Z38.383 E39.4800 F800
G1 X-4.593 Y14.135 Z38.383 E39.5000 F800
G1 X-3.596 Y14.421 Z38.383 E39.5200 F800
G1 X-2.581 Y14.637 Z38.383 E39.5400 F800
G1 X-1.554 Y14.781 Z38.383 E39.5600 F800
G1 X-0.519 Y14.854 Z38.383 E39.5800 F800
G1 X0.519 Y14.854 Z38.383 E39.6000 F800
G1 X1.554 Y14.781 Z38.383 E39.6200 F800
G1 X2.581 Y14.637 Z38.383 E39.6400 F800
G1 X3.596 Y14.421 Z38.383 E39.6600 F800
G1 X4.593 Y14.135 Z38.383 E39.6800 F800
G1 X5.568 Y13.781 Z38.383 E39.7000 F800
G1 X6.515 Y13.359 Z38.383 E39.7200 F800
G1 X7.431 Y12.872 Z38.383 E39.7400 F800
G1 X8.311 Y12.322 Z38.383 E39.7600 F800
G1 X9.151 Y11.712 Z38.383 E39.7800 F800
G1 X9.945 Y11.045 Z38.383 E39.8000 F800
G1 X10.691 Y10.325 Z38.383 E39.8200 F800
G1 X11.386 Y9.554 Z38.383 E39.8400 F800
G1 X12.024 Y8.736 Z38.383 E39.8600 F800
G1 X12.604 Y7.876 Z38.383 E39.8800 F800
G1 X13.123 Y6.978 Z38.383 E39.9000 F800
G1 X13.578 Y6.045 Z38.383 E39.9200 F800
G1 X13.967 Y5.083 Z38.383 E39.9400 F800
G1 X14.287 Y4.097 Z38.383 E39.9600 F800
G1 X14.538 Y3.090 Z38.383 E39.9800 F800
G1 X14.718 Y2.069 Z38.383 E40.0000 F800
G1 X14.827 Y1.037 Z38.383 E40.0200 F800
G1 X14.863 Y0.000 Z38.383 E40.0400 F800
G1 X13.383 Y0.000 Z39.863 E40.0600 F800
G1 X13.350 Y0.934 Z39.863 E40.0800 F800
G1 X13.252 Y1.862 Z39.863 E40.1000 F800
G1 X13.090 Y2.782 Z39.863 E40.1200 F800
G1 X12.864 Y3.689 Z39.863 E40.1400 F800
G1 X12.576 Y4.577 Z39.863 E40.1600 F800
G1 X12.226 Y5.443 Z39.863 E40.1800 F800
G1 X11.816 Y6.283 Z39.863 E40.2000 F800
G1 X11.349 Y7.092 Z39.863 E40.2200 F800
G1 X10.827 Y7.866 Z39.863 E40.2400 F800
G1 X10.252 Y8.602 Z39.863 E40.2600 F800
G1 X9.627 Y9.296 Z39.863 E40.2800 F800
G1 X8.955 Y9.945 Z39.863 E40.3000 F800
G1 X8.239 Y10.546 Z39.863 E40.3200 F800
G1 X7.483 Y11.095 Z39.863 E40.3400 F800
G1 X6.691 Y11.590 Z39.863 E40.3600 F800
G1 X5.867 Y12.028 Z39.863 E40.3800 F800
G1 X5.013 Y12.408 Z39.863 E40.4000 F800
G1 X4.135 Y12.728 Z39.863 E40.4200 F800
G1 X3.238 Y12.985 Z39.863 E40.4400 F800
G1 X2.324 Y13.179 Z39.863 E40.4600 F800
G1 X1.399 Y13.309 Z39.863 E40.4800 F800
G1 X0.467 Y13.374 Z39.863 E40.5000 F800
G1 X-0.467 Y13.374 Z39.863 E40.5200 F800
G1 X-1.399 Y13.309 Z39.863 E40.5400 F800
G1 X-2.324 Y13.179 Z39.863 E40.5600 F800
G1 X-3.238 Y12.985 Z39.863 E40.5800 F800
G1 X-4.135 Y12.728 Z39.863 E40.6000 F800
G1 X-5.013 Y12.408 Z39.863 E40.6200 F800
G1 X-5.867 Y12.028 Z39.863 E40.6400 F800
G1 X-6.691 Y11.590 Z39.863 E40.6600 F800
G1 X-7.483 Y11.095 Z39.863 E40.6800 F800
G1 X-8.239 Y10.546 Z39.863 E40.7000 F800
G1 X-8.955 Y9.945 Z39.863 E40.7200 F800
G1 X-9.627 Y9.296 Z39.863 E40.7400 F800
G1 X-10.252 Y8.602 Z39.863 E40.7600 F800
G1 X-10.827 Y7.866 Z39.863 E40.7800 F800
G1 X-11.349 Y7.092 Z39.863 E40.8000 F800
G1 X-11.816 Y6.283 Z39.863 E40.8200 F800
G1 X-12.226 Y5.443 Z39.863 E40.8400 F800
G1 X-12.576 Y4.577 Z39.863 E40.8600 F800
G1 X-12.864 Y3.689 Z39.863 E40.8800 F800
G1 X-13.090 Y2.782 Z39.863 E40.9000 F800
G1 X-13.252 Y1.862 Z39.863 E40.9200 F800
G1 X-13.350 Y0.934 Z39.863 E40.9400 F800
G1 X-13.383 Y0.000 Z39.863 E40.9600 F800
G1 X-13.350 Y-0.934 Z39.863 E40.9800 F800
G1 X-13.252 Y-1.862 Z39.863 E41.0000 F800
G1 X-13.090 Y-2.782 Z39.863 E41.0200 F800
G1 X-12.864 Y-3.689 Z39.863 E41.0400 F800
G1 X-12.576 Y-4.577 Z39.863 E41.0600 F800
G1 X-12.226 Y-5.443 Z39.863 E41.0800 F800
G1 X-11.816 Y-6.283 Z39.863 E41.1000 F800
G1 X-11.349 Y-7.092 Z39.863 E41.1200 F800
G1 X-10.827 Y-7.866 Z39.863 E41.1400 F800
G1 X-10.252 Y-8.602 Z39.863 E41.1600 F800
G1 X-9.627 Y-9.296 Z39.863 E41.1800 F800
G1 X-8.955 Y-9.945 Z39.863 E41.2000 F800
G1 X-8.239 Y-10.546 Z39.863 E41.2200 F800
G1 X-7.483 Y-11.095 Z39.863 E41.2400 F800
G1 X-6.691 Y-11.590 Z39.863 E41.2600 F800
G1 X-5.867 Y-12.028 Z39.863 E41.2800 F800
G1 X-5.013 Y-12.408 Z39.863 E41.3000 F800
G1 X-4.135 Y-12.728 Z39.863 E41.3200 F800
G1 X-3.238 Y-12.985 Z39.863 E41.3400 F800
G1 X-2.324 Y-13.179 Z39.863 E41.3600 F800
G1 X-1.399 Y-13.309 Z39.863 E41.3800 F800
G1 X-0.467 Y-13.374 Z39.863 E41.4000 F800
G1 X0.467 Y-13.374 Z39.863 E41.4200 F800
G1 X1.399 Y-13.309 Z39.863 E41.4400 F800
G1 X2.324 Y-13.179 Z39.863 E41.4600 F800
G1 X3.238 Y-12.985 Z39.863 E41.4800 F800
G1 X4.135 Y-12.728 Z39.863 E41.5000 F800
G1 X5.013 Y-12.408 Z39.863 E41.5200 F800
G1 X5.867 Y-12.028 Z39.863 E41.5400 F800
G1 X6.691 Y-11.590 Z39.863 E41.5600 F800
G1 X7.483 Y-11.095 Z39.863 E41.5800 F800
G1 X8.239 Y-10.546 Z39.863 E41.6000 F800
G1 X8.955 Y-9.945 Z39.863 E41.6200 F800
G1 X9.627 Y-9.296 Z39.863 E41.6400 F800
G1 X10.252 Y-8.602 Z39.863 E41.6600 F800
G1 X10.827 Y-7.866 Z39.863 E41.6800 F800
G1 X11.349 Y-7.092 Z39.863 E41.7000 F800
G1 X11.816 Y-6.283 Z39.863 E41.7200 F800
G1 X12.226 Y-5.443 Z39.863 E41.7400 F800
G1 X12.576 Y-4.577 Z39.863 E41.7600 F800
G1 X12.864 Y-3.689 Z39.863 E41.7800 F800
G1 X13.090 Y-2.782 Z39.863 E41.8000 F800
G1 X13.252 Y-1.862 Z39.863 E41.8200 F800
G1 X13.350 Y-0.934 Z39.863 E41.8400 F800
G1 X13.383 Y-0.000 Z39.863 E41.8600 F800
G1 X11.756 Y-0.000 Z41.180 E41.8800 F800
G1 X11.727 Y-0.820 Z41.180 E41.9000 F800
G1 X11.641 Y-1.636 Z41.180 E41.9200 F800
G1 X11.499 Y-2.444 Z41.180 E41.9400 F800
G1 X11.300 Y-3.240 Z41.180 E41.9600 F800
G1 X11.047 Y-4.021 Z41.180 E41.9800 F800
G1 X10.739 Y-4.781 Z41.180 E42.0000 F800
G1 X10.380 Y-5.519 Z41.180 E42.0200 F800
G1 X9.969 Y-6.230 Z41.180 E42.0400 F800
G1 X9.511 Y-6.910 Z41.180 E42.0600 F800
G1 X9.005 Y-7.556 Z41.180 E42.0800 F800
G1 X8.456 Y-8.166 Z41.180 E42.1000 F800
G1 X7.866 Y-8.736 Z41.180 E42.1200 F800
G1 X7.238 Y-9.264 Z41.180 E42.1400 F800
G1 X6.574 Y-9.746 Z41.180 E42.1600 F800
G1 X5.878 Y-10.181 Z41.180 E42.1800 F800
G1 X5.153 Y-10.566 Z41.180 E42.2000 F800
G1 X4.404 Y-10.900 Z41.180 E42.2200 F800
G1 X3.633 Y-11.180 Z41.180 E42.2400 F800
G1 X2.844 Y-11.407 Z41.180 E42.2600 F800
G1 X2.041 Y-11.577 Z41.180 E42.2800 F800
G1 X1.229 Y-11.691 Z41.180 E42.3000 F800
G1 X0.410 Y-11.749 Z41.180 E42.3200 F800
G1 X-0.410 Y-11.749 Z41.180 E42.3400 F800
G1 X-1.229 Y-11.691 Z41.180 E42.3600 F800
G1 X-2.041 Y-11.577 Z41.180 E42.3800 F800
G1 X-2.844 Y-11.407 Z41.180 E42.4000 F800
G1 X-3.633 Y-11.180 Z41.180 E42.4200 F800
G1 X-4.404 Y-10.900 Z41.180 E42.4400 F800
G1 X-5.153 Y-10.566 Z41.180 E42.4600 F800
G1 X-5.878 Y-10.181 Z41.180 E42.4800 F800
G1 X-6.574 Y-9.746 Z41.180 E42.5000 F800
G1 X-7.238 Y-9.264 Z41.180 E42.5200 F800
G1 X-7.866 Y-8.736 Z41.180 E42.5400 F800
G1 X-8.456 Y-8.166 Z41.180 E42.5600 F800
G1 X-9.005 Y-7.556 Z41.180 E42.5800 F800
G1 X-9.511 Y-6.910 Z41.180 E42.6000 F800
G1 X-9.969 Y-6.230 Z41.180 E42.6200 F800
G1 X-10.380 Y-5.519 Z41.180 E42.6400 F800
G1 X-10.739 Y-4.781 Z41.180 E42.6600 F800
G1 X-11.047 Y-4.021 Z41.180 E42.6800 F800
G1 X-11.300 Y-3.240 Z41.180 E42.7000 F800
G1 X-11.499 Y-2.444 Z41.180 E42.7200 F800
G1 X-11.641 Y-1.636 Z41.180 E42.7400 F800
G1 X-11.727 Y-0.820 Z41.180 E42.7600 F800
G1 X-11.756 Y0.000 Z41.180 E42.7800 F800
G1 X-11.727 Y0.820 Z41.180 E42.8000 F800
G1 X-11.641 Y1.636 Z41.180 E42.8200 F800
G1 X-11.499 Y2.444 Z41.180 E42.8400 F800
G1 X-11.300 Y3.240 Z41.180 E42.8600 F800
G1 X-11.047 Y4.021 Z41.180 E42.8800 F800
G1 X-10.739 Y4.781 Z41.180 E42.9000 F800
G1 X-10.380 Y5.519 Z41.180 E42.9200 F800
G1 X-9.969 Y6.230 Z41.180 E42.9400 F800
G1 X-9.511 Y6.910 Z41.180 E42.9600 F800
G1 X-9.005 Y7.556 Z41.180 E42.9800 F800
G1 X-8.456 Y8.166 Z41.180 E43.0000 F800
G1 X-7.866 Y8.736 Z41.180 E43.0200 F800
G1 X-7.238 Y9.264 Z41.180 E43.0400 F800
G1 X-6.574 Y9.746 Z41.180 E43.0600 F800
G1 X-5.878 Y10.181 Z41.180 E43.0800 F800
G1 X-5.153 Y10.566 Z41.180 E43.1000 F800
G1 X-4.404 Y10.900 Z41.180 E43.1200 F800
G1 X-3.633 Y11.180 Z41.180 E43.1400 F800
G1 X-2.844 Y11.407 Z41.180 E43.1600 F800
G1 X-2.041 Y11.577 Z41.180 E43.1800 F800
G1 X-1.229 Y11.691 Z41.180 E43.2000 F800
G1 X-0.410 Y11.749 Z41.180 E43.2200 F800
G1 X0.410 Y11.749 Z41.180 E43.2400 F800
G1 X1.229 Y11.691 Z41.180 E43.2600 F800
G1 X2.041 Y11.577 Z41.180 E43.2800 F800
G1 X2.844 Y11.407 Z41.180 E43.3000 F800
G1 X3.633 Y11.180 Z41.180 E43.3200 F800
G1 X4.404 Y10.900 Z41.180 E43.3400 F800
G1 X5.153 Y10.566 Z41.180 E43.3600 F800
G1 X5.878 Y10.181 Z41.180 E43.3800 F800
G1 X6.574 Y9.746 Z41.180 E43.4000 F800
G1 X7.238 Y9.264 Z41.180 E43.4200 F800
G1 X7.866 Y8.736 Z41.180 E43.4400 F800
G1 X8.456 Y8.166 Z41.180 E43.4600 F800
G1 X9.005 Y7.556 Z41.180 E43.4800 F800
G1 X9.511 Y6.910 Z41.180 E43.5000 F800
G1 X9.969 Y6.230 Z41.180 E43.5200 F800
G1 X10.380 Y5.519 Z41.180 E43.5400 F800
G1 X10.739 Y4.781 Z41.180 E43.5600 F800
G1 X11.047 Y4.021 Z41.180 E43.5800 F800
G1 X11.300 Y3.240 Z41.180 E43.6000 F800
G1 X11.499 Y2.444 Z41.180 E43.6200 F800
G1 X11.641 Y1.636 Z41.180 E43.6400 F800
G1 X11.727 Y0.820 Z41.180 E43.6600 F800
G1 X11.756 Y0.000 Z41.180 E43.6800 F800
G1 X10.000 Y0.000 Z42.321 E43.7000 F800
G1 X9.976 Y0.698 Z42.321 E43.7200 F800
G1 X9.903 Y1.392 Z42.321 E43.7400 F800
G1 X9.781 Y2.079 Z42.321 E43.7600 F800
G1 X9.613 Y2.756 Z42.321 E43.7800 F800
G1 X9.397 Y3.420 Z42.321 E43.8000 F800
G1 X9.135 Y4.067 Z42.321 E43.8200 F800
G1 X8.829 Y4.695 Z42.321 E43.8400 F800
G1 X8.480 Y5.299 Z42.321 E43.8600 F800
G1 X8.090 Y5.878 Z42.321 E43.8800 F800
G1 X7.660 Y6.428 Z42.321 E43.9000 F800
G1 X7.193 Y6.947 Z42.321 E43.9200 F800
G1 X6.691 Y7.431 Z42.321 E43.9400 F800
G1 X6.157 Y7.880 Z42.321 E43.9600 F800
G1 X5.592 Y8.290 Z42.321 E43.9800 F800
G1 X5.000 Y8.660 Z42.321 E44.0000 F800
G1 X4.384 Y8.988 Z42.321 E44.0200 F800
G1 X3.746 Y9.272 Z42.321 E44.0400 F800
G1 X3.090 Y9.511 Z42.321 E44.0600 F800
G1 X2.419 Y9.703 Z42.321 E44.0800 F800
G1 X1.736 Y9.848 Z42.321 E44.1000 F800
G1 X1.045 Y9.945 Z42.321 E44.1200 F800
G1 X0.349 Y9.994 Z42.321 E44.1400 F800
G1 X-0.349 Y9.994 Z42.321 E44.1600 F800
G1 X-1.045 Y9.945 Z42.321 E44.1800 F800
G1 X-1.736 Y9.848 Z42.321 E44.2000 F800
G1 X-2.419 Y9.703 Z42.321 E44.2200 F800
G1 X-3.090 Y9.511 Z42.321 E44.2400 F800
G1 X-3.746 Y9.272 Z42.321 E44.2600 F800
G1 X-4.384 Y8.988 Z42.321 E44.2800 F800
G1 X-5.000 Y8.660 Z42.321 E44.3000 F800
G1 X-5.592 Y8.290 Z42.321 E44.3200 F800
G1 X-6.157 Y7.880 Z42.321 E44.3400 F800
G1 X-6.691 Y7.431 Z42.321 E44.3600 F800
G1 X-7.193 Y6.947 Z42.321 E44.3800 F800
G1 X-7.660 Y6.428 Z42.321 E44.4000 F800
G1 X-8.090 Y5.878 Z42.321 E44.4200 F800
G1 X-8.480 Y5.299 Z42.321 E44.4400 F800
G1 X-8.829 Y4.695 Z42.321 E44.4600 F800
G1 X-9.135 Y4.067 Z42.321 E44.4800 F800
G1 X-9.397 Y3.420 Z42.321 E44.5000 F800
G1 X-9.613 Y2.756 Z42.321 E44.5200 F800
G1 X-9.781 Y2.079 Z42.321 E44.5400 F800
G1 X-9.903 Y1.392 Z42.321 E44.5600 F800
G1 X-9.976 Y0.698 Z42.321 E44.5800 F800
G1 X-10.000 Y0.000 Z42.321 E44.6000 F800
G1 X-9.976 Y-0.698 Z42.321 E44.6200 F800
G1 X-9.903 Y-1.392 Z42.321 E44.6400 F800
G1 X-9.781 Y-2.079 Z42.321 E44.6600 F800
G1 X-9.613 Y-2.756 Z42.321 E44.6800 F800
G1 X-9.397 Y-3.420 Z42.321 E44.7000 F800
G1 X-9.135 Y-4.067 Z42.321 E44.7200 F800
G1 X-8.829 Y-4.695 Z42.321 E44.7400 F800
G1 X-8.480 Y-5.299 Z42.321 E44.7600 F800
G1 X-8.090 Y-5.878 Z42.321 E44.7800 F800
G1 X-7.660 Y-6.428 Z42.321 E44.8000 F800
G1 X-7.193 Y-6.947 Z42.321 E44.8200 F800
G1 X-6.691 Y-7.431 Z42.321 E44.8400 F800
G1 X-6.157 Y-7.880 Z42.321 E44.8600 F800
G1 X-5.592 Y-8.290 Z42.321 E44.8800 F800
G1 X-5.000 Y-8.660 Z42.321 E44.9000 F800
G1 X-4.384 Y-8.988 Z42.321 E44.9200 F800
G1 X-3.746 Y-9.272 Z42.321 E44.9400 F800
G1 X-3.090 Y-9.511 Z42.321 E44.9600 F800
G1 X-2.419 Y-9.703 Z42.321 E44.9800 F800
G1 X-1.736 Y-9.848 Z42.321 E45.0000 F800
G1 X-1.045 Y-9.945 Z42.321 E45.0200 F800
G1 X-0.349 Y-9.994 Z42.321 E45.0400 F800
G1 X0.349 Y-9.994 Z42.321 E45.0600 F800
G1 X1.045 Y-9.945 Z42.321 E45.0800 F800
G1 X1.736 Y-9.848 Z42.321 E45.1000 F800
G1 X2.419 Y-9.703 Z42.321 E45.1200 F800
G1 X3.090 Y-9.511 Z42.321 E45.1400 F800
G1 X3.746 Y-9.272 Z42.321 E45.1600 F800
G1 X4.384 Y-8.988 Z42.321 E45.1800 F800
G1 X5.000 Y-8.660 Z42.321 E45.2000 F800
G1 X5.592 Y-8.290 Z42.321 E45.2200 F800
G1 X6.157 Y-7.880 Z42.321 E45.2400 F800
G1 X6.691 Y-7.431 Z42.321 E45.2600 F800
G1 X7.193 Y-6.947 Z42.321 E45.2800 F800
G1 X7.660 Y-6.428 Z42.321 E45.3000 F800
G1 X8.090 Y-5.878 Z42.321 E45.3200 F800
G1 X8.480 Y-5.299 Z42.321 E45.3400 F800
G1 X8.829 Y-4.695 Z42.321 E45.3600 F800
G1 X9.135 Y-4.067 Z42.321 E45.3800 F800
G1 X9.397 Y-3.420 Z42.321 E45.4000 F800
G1 X9.613 Y-2.756 Z42.321 E45.4200 F800
G1 X9.781 Y-2.079 Z42.321 E45.4400 F800
G1 X9.903 Y-1.392 Z42.321 E45.4600 F800
G1 X9.976 Y-0.698 Z42.321 E45.4800 F800
G1 X10.000 Y-0.000 Z42.321 E45.5000 F800
G1 X8.135 Y-0.000 Z43.271 E45.5200 F800
G1 X8.115 Y-0.567 Z43.271 E45.5400 F800
G1 X8.056 Y-1.132 Z43.271 E45.5600 F800
G1 X7.957 Y-1.691 Z43.271 E45.5800 F800
G1 X7.820 Y-2.242 Z43.271 E45.6000 F800
G1 X7.644 Y-2.782 Z43.271 E45.6200 F800
G1 X7.431 Y-3.309 Z43.271 E45.6400 F800
G1 X7.183 Y-3.819 Z43.271 E45.6600 F800
G1 X6.899 Y-4.311 Z43.271 E45.6800 F800
G1 X6.581 Y-4.781 Z43.271 E45.7000 F800
G1 X6.232 Y-5.229 Z43.271 E45.7200 F800
G1 X5.852 Y-5.651 Z43.271 E45.7400 F800
G1 X5.443 Y-6.045 Z43.271 E45.7600 F800
G1 X5.008 Y-6.410 Z43.271 E45.7800 F800
G1 X4.549 Y-6.744 Z43.271 E45.8000 F800
G1 X4.067 Y-7.045 Z43.271 E45.8200 F800
G1 X3.566 Y-7.311 Z43.271 E45.8400 F800
G1 X3.047 Y-7.542 Z43.271 E45.8600 F800
G1 X2.514 Y-7.737 Z43.271 E45.8800 F800
G1 X1.968 Y-7.893 Z43.271 E45.9000 F800
G1 X1.413 Y-8.011 Z43.271 E45.9200 F800
G1 X0.850 Y-8.090 Z43.271 E45.9400 F800
G1 X0.284 Y-8.130 Z43.271 E45.9600 F800
G1 X-0.284 Y-8.130 Z43.271 E45.9800 F800
G1 X-0.850 Y-8.090 Z43.271 E46.0000 F800
G1 X-1.413 Y-8.011 Z43.271 E46.0200 F800
G1 X-1.968 Y-7.893 Z43.271 E46.0400 F800
G1 X-2.514 Y-7.737 Z43.271 E46.0600 F800
G1 X-3.047 Y-7.542 Z43.271 E46.0800 F800
G1 X-3.566 Y-7.311 Z43.271 E46.1000 F800
G1 X-4.067 Y-7.045 Z43.271 E46.1200 F800
G1 X-4.549 Y-6.744 Z43.271 E46.1400 F800
G1 X-5.008 Y-6.410 Z43.271 E46.1600 F800
G1 X-5.443 Y-6.045 Z43.271 E46.1800 F800
G1 X-5.852 Y-5.651 Z43.271 E46.2000 F800
G1 X-6.232 Y-5.229 Z43.271 E46.2200 F800
G1 X-6.581 Y-4.781 Z43.271 E46.2400 F800
G1 X-6.899 Y-4.311 Z43.271 E46.2600 F800
G1 X-7.183 Y-3.819 Z43.271 E46.2800 F800
G1 X-7.431 Y-3.309 Z43.271 E46.3000 F800
G1 X-7.644 Y-2.782 Z43.271 E46.3200 F800
G1 X-7.820 Y-2.242 Z43.271 E46.3400 F800
G1 X-7.957 Y-1.691 Z43.271 E46.3600 F800
G1 X-8.056 Y-1.132 Z43.271 E46.3800 F800
G1 X-8.115 Y-0.567 Z43.271 E46.4000 F800
G1 X-8.135 Y0.000 Z43.271 E46.4200 F800
G1 X-8.115 Y0.567 Z43.271 E46.4400 F800
G1 X-8.056 Y1.132 Z43.271 E46.4600 F800
G1 X-7.957 Y1.691 Z43.271 E46.4800 F800
G1 X-7.820 Y2.242 Z43.271 E46.5000 F800
G1 X-7.644 Y2.782 Z43.271 E46.5200 F800
G1 X-7.431 Y3.309 Z43.271 E46.5400 F800
G1 X-7.183 Y3.819 Z43.271 E46.5600 F800
G1 X-6.899 Y4.311 Z43.271 E46.5800 F800
G1 X-6.581 Y4.781 Z43.271 E46.6000 F800
G1 X-6.232 Y5.229 Z43.271 E46.6200 F800
G1 X-5.852 Y5.651 Z43.271 E46.6400 F800
G1 X-5.443 Y6.045 Z43.271 E46.6600 F800
G1 X-5.008 Y6.410 Z43.271 E46.6800 F800
G1 X-4.549 Y6.744 Z43.271 E46.7000 F800
G1 X-4.067 Y7.045 Z43.271 E46.7200 F800
G1 X-3.566 Y7.311 Z43.271 E46.7400 F800
G1 X-3.047 Y7.542 Z43.271 E46.7600 F800
G1 X-2.514 Y7.737 Z43.271 E46.7800 F800
G1 X-1.968 Y7.893 Z43.271 E46.8000 F800
G1 X-1.413 Y8.011 Z43.271 E46.8200 F800
G1 X-0.850 Y8.090 Z43.271 E46.8400 F800
G1 X-0.284 Y8.130 Z43.271 E46.8600 F800
G1 X0.284 Y8.130 Z43.271 E46.8800 F800
G1 X0.850 Y8.090 Z43.271 E46.9000 F800
G1 X1.413 Y8.011 Z43.271 E46.9200 F800
G1 X1.968 Y7.893 Z43.271 E46.9400 F800
G1 X2.514 Y7.737 Z43.271 E46.9600 F800
G1 X3.047 Y7.542 Z43.271 E46.9800 F800
G1 X3.566 Y7.311 Z43.271 E47.0000 F800
G1 X4.067 Y7.045 Z43.271 E47.0200 F800
G1 X4.549 Y6.744 Z43.271 E47.0400 F800
G1 X5.008 Y6.410 Z43.271 E47.0600 F800
G1 X5.443 Y6.045 Z43.271 E47.0800 F800
G1 X5.852 Y5.651 Z43.271 E47.1000 F800
G1 X6.232 Y5.229 Z43.271 E47.1200 F800
G1 X6.581 Y4.781 Z43.271 E47.1400 F800
G1 X6.899 Y4.311 Z43.271 E47.1600 F800
G1 X7.183 Y3.819 Z43.271 E47.1800 F800
G1 X7.431 Y3.309 Z43.271 E47.2000 F800
G1 X7.644 Y2.782 Z43.271 E47.2200 F800
G1 X7.820 Y2.242 Z43.271 E47.2400 F800
G1 X7.957 Y1.691 Z43.271 E47.2600 F800
G1 X8.056 Y1.132 Z43.271 E47.2800 F800
G1 X8.115 Y0.567 Z43.271 E47.3000 F800
G1 X8.135 Y0.000 Z43.271 E47.3200 F800
G1 X6.180 Y0.000 Z44.021 E47.3400 F800
G1 X6.165 Y0.431 Z44.021 E47.3600 F800
G1 X6.120 Y0.860 Z44.021 E47.3800 F800
G1 X6.045 Y1.285 Z44.021 E47.4000 F800
G1 X5.941 Y1.704 Z44.021 E47.4200 F800
G1 X5.808 Y2.114 Z44.021 E47.4400 F800
G1 X5.646 Y2.514 Z44.021 E47.4600 F800
G1 X5.457 Y2.901 Z44.021 E47.4800 F800
G1 X5.241 Y3.275 Z44.021 E47.5000 F800
G1 X5.000 Y3.633 Z44.021 E47.5200 F800
G1 X4.734 Y3.973 Z44.021 E47.5400 F800
G1 X4.446 Y4.293 Z44.021 E47.5600 F800
G1 X4.135 Y4.593 Z44.021 E47.5800 F800
G1 X3.805 Y4.870 Z44.021 E47.6000 F800
G1 X3.456 Y5.124 Z44.021 E47.6200 F800
G1 X3.090 Y5.352 Z44.021 E47.6400 F800
G1 X2.709 Y5.555 Z44.021 E47.6600 F800
G1 X2.315 Y5.730 Z44.021 E47.6800 F800
G1 X1.910 Y5.878 Z44.021 E47.7000 F800
G1 X1.495 Y5.997 Z44.021 E47.7200 F800
G1 X1.073 Y6.086 Z44.021 E47.7400 F800
G1 X0.646 Y6.146 Z44.021 E47.7600 F800
G1 X0.216 Y6.177 Z44.021 E47.7800 F800
G1 X-0.216 Y6.177 Z44.021 E47.8000 F800
G1 X-0.646 Y6.146 Z44.021 E47.8200 F800
G1 X-1.073 Y6.086 Z44.021 E47.8400 F800
G1 X-1.495 Y5.997 Z44.021 E47.8600 F800
G1 X-1.910 Y5.878 Z44.021 E47.8800 F800
G1 X-2.315 Y5.730 Z44.021 E47.9000 F800
G1 X-2.709 Y5.555 Z44.021 E47.9200 F800
G1 X-3.090 Y5.352 Z44.021 E47.9400 F800
G1 X-3.456 Y5.124 Z44.021 E47.9600 F800
G1 X-3.805 Y4.870 Z44.021 E47.9800 F800
G1 X-4.135 Y4.593 Z44.021 E48.0000 F800
G1 X-4.446 Y4.293 Z44.021 E48.0200 F800
G1 X-4.734 Y3.973 Z44.021 E48.0400 F800
G1 X-5.000 Y3.633 Z44.021 E48.0600 F800
G1 X-5.241 Y3.275 Z44.021 E48.0800 F800
G1 X-5.457 Y2.901 Z44.021 E48.1000 F800
G1 X-5.646 Y2.514 Z44.021 E48.1200 F800
G1 X-5.808 Y2.114 Z44.021 E48.1400 F800
G1 X-5.941 Y1.704 Z44.021 E48.1600 F800
G1 X-6.045 Y1.285 Z44.021 E48.1800 F800
G1 X-6.120 Y0.860 Z44.021 E48.2000 F800
G1 X-6.165 Y0.431 Z44.021 E48.2200 F800
G1 X-6.180 Y0.000 Z44.021 E48.2400 F800
G1 X-6.165 Y-0.431 Z44.021 E48.2600 F800
G1 X-6.120 Y-0.860 Z44.021 E48.2800 F800
G1 X-6.045 Y-1.285 Z44.021 E48.3000 F800
G1 X-5.941 Y-1.704 Z44.021 E48.3200 F800
G1 X-5.808 Y-2.114 Z44.021 E48.3400 F800
G1 X-5.646 Y-2.514 Z44.021 E48.3600 F800
G1 X-5.457 Y-2.901 Z44.021 E48.3800 F800
G1 X-5.241 Y-3.275 Z44.021 E48.4000 F800
G1 X-5.000 Y-3.633 Z44.021 E48.4200 F800
G1 X-4.734 Y-3.973 Z44.021 E48.4400 F800
G1 X-4.446 Y-4.293 Z44.021 E48.4600 F800
G1 X-4.135 Y-4.593 Z44.021 E48.4800 F800
G1 X-3.805 Y-4.870 Z44.021 E48.5000 F800
G1 X-3.456 Y-5.124 Z44.021 E48.5200 F800
G1 X-3.090 Y-5.352 Z44.021 E48.5400 F800
G1 X-2.709 Y-5.555 Z44.021 E48.5600 F800
G1 X-2.315 Y-5.730 Z44.021 E48.5800 F800
G1 X-1.910 Y-5.878 Z44.021 E48.6000 F800
G1 X-1.495 Y-5.997 Z44.021 E48.6200 F800
G1 X-1.073 Y-6.086 Z44.021 E48.6400 F800
G1 X-0.646 Y-6.146 Z44.021 E48.6600 F800
G1 X-0.216 Y-6.177 Z44.021 E48.6800 F800
G1 X0.216 Y-6.177 Z44.021 E48.7000 F800
G1 X0.646 Y-6.146 Z44.021 E48.7200 F800
G1 X1.073 Y-6.086 Z44.021 E48.7400 F800
G1 X1.495 Y-5.997 Z44.021 E48.7600 F800
G1 X1.910 Y-5.878 Z44.021 E48.7800 F800
G1 X2.315 Y-5.730 Z44.021 E48.8000 F800
G1 X2.709 Y-5.555 Z44.021 E48.8200 F800
G1 X3.090 Y-5.352 Z44.021 E48.8400 F800
G1 X3.456 Y-5.124 Z44.021 E48.8600 F800
G1 X3.805 Y-4.870 Z44.021 E48.8800 F800
G1 X4.135 Y-4.593 Z44.021 E48.9000 F800
G1 X4.446 Y-4.293 Z44.021 E48.9200 F800
G1 X4.734 Y-3.973 Z44.021 E48.9400 F800
G1 X5.000 Y-3.633 Z44.021 E48.9600 F800
G1 X5.241 Y-3.275 Z44.021 E48.9800 F800
G1 X5.457 Y-2.901 Z44.021 E49.0000 F800
G1 X5.646 Y-2.514 Z44.021 E49.0200 F800
G1 X5.808 Y-2.114 Z44.021 E49.0400 F800
G1 X5.941 Y-1.704 Z44.021 E49.0600 F800
G1 X6.045 Y-1.285 Z44.021 E49.0800 F800
G1 X6.120 Y-0.860 Z44.021 E49.1000 F800
G1 X6.165 Y-0.431 Z44.021 E49.1200 F800
G1 X6.180 Y-0.000 Z44.021 E49.1400 F800
G1 X4.158 Y-0.000 Z44.563 E49.1600 F800
G1 X4.148 Y-0.290 Z44.563 E49.1800 F800
G1 X4.118 Y-0.579 Z44.563 E49.2000 F800
G1 X4.067 Y-0.865 Z44.563 E49.2200 F800
G1 X3.997 Y-1.146 Z44.563 E49.2400 F800
G1 X3.907 Y-1.422 Z44.563 E49.2600 F800
G1 X3.799 Y-1.691 Z44.563 E49.2800 F800
G1 X3.672 Y-1.952 Z44.563 E49.3000 F800
G1 X3.526 Y-2.204 Z44.563 E49.3200 F800
G1 X3.364 Y-2.444 Z44.563 E49.3400 F800
G1 X3.185 Y-2.673 Z44.563 E49.3600 F800
G1 X2.991 Y-2.889 Z44.563 E49.3800 F800
G1 X2.782 Y-3.090 Z44.563 E49.4000 F800
G1 X2.560 Y-3.277 Z44.563 E49.4200 F800
G1 X2.325 Y-3.447 Z44.563 E49.4400 F800
G1 X2.079 Y-3.601 Z44.563 E49.4600 F800
G1 X1.823 Y-3.737 Z44.563 E49.4800 F800
G1 X1.558 Y-3.855 Z44.563 E49.5000 F800
G1 X1.285 Y-3.955 Z44.563 E49.5200 F800
G1 X1.006 Y-4.035 Z44.563 E49.5400 F800
G1 X0.722 Y-4.095 Z44.563 E49.5600 F800
G1 X0.435 Y-4.135 Z44.563 E49.5800 F800
G1 X0.145 Y-4.156 Z44.563 E49.6000 F800
G1 X-0.145 Y-4.156 Z44.563 E49.6200 F800
G1 X-0.435 Y-4.135 Z44.563 E49.6400 F800
G1 X-0.722 Y-4.095 Z44.563 E49.6600 F800
G1 X-1.006 Y-4.035 Z44.563 E49.6800 F800
G1 X-1.285 Y-3.955 Z44.563 E49.7000 F800
G1 X-1.558 Y-3.855 Z44.563 E49.7200 F800
G1 X-1.823 Y-3.737 Z44.563 E49.7400 F800
G1 X-2.079 Y-3.601 Z44.563 E49.7600 F800
G1 X-2.325 Y-3.447 Z44.563 E49.7800 F800
G1 X-2.560 Y-3.277 Z44.563 E49.8000 F800
G1 X-2.782 Y-3.090 Z44.563 E49.8200 F800
G1 X-2.991 Y-2.889 Z44.563 E49.8400 F800
G1 X-3.185 Y-2.673 Z44.563 E49.8600 F800
G1 X-3.364 Y-2.444 Z44.563 E49.8800 F800
G1 X-3.526 Y-2.204 Z44.563 E49.9000 F800
G1 X-3.672 Y-1.952 Z44.563 E49.9200 F800
G1 X-3.799 Y-1.691 Z44.563 E49.9400 F800
G1 X-3.907 Y-1.422 Z44.563 E49.9600 F800
G1 X-3.997 Y-1.146 Z44.563 E49.9800 F800
G1 X-4.067 Y-0.865 Z44.563 E50.0000 F800
G1 X-4.118 Y-0.579 Z44.563 E50.0200 F800
G1 X-4.148 Y-0.290 Z44.563 E50.0400 F800
G1 X-4.158 Y0.000 Z44.563 E50.0600 F800
G1 X-4.148 Y0.290 Z44.563 E50.0800 F800
G1 X-4.118 Y0.579 Z44.563 E50.1000 F800
G1 X-4.067 Y0.865 Z44.563 E50.1200 F800
G1 X-3.997 Y1.146 Z44.563 E50.1400 F800
G1 X-3.907 Y1.422 Z44.563 E50.1600 F800
G1 X-3.799 Y1.691 Z44.563 E50.1800 F800
G1 X-3.672 Y1.952 Z44.563 E50.2000 F800
G1 X-3.526 Y2.204 Z44.563 E50.2200 F800
G1 X-3.364 Y2.444 Z44.563 E50.2400 F800
G1 X-3.185 Y2.673 Z44.563 E50.2600 F800
G1 X-2.991 Y2.889 Z44.563 E50.2800 F800
G1 X-2.782 Y3.090 Z44.563 E50.3000 F800
G1 X-2.560 Y3.277 Z44.563 E50.3200 F800
G1 X-2.325 Y3.447 Z44.563 E50.3400 F800
G1 X-2.079 Y3.601 Z44.563 E50.3600 F800
G1 X-1.823 Y3.737 Z44.563 E50.3800 F800
G1 X-1.558 Y3.855 Z44.563 E50.4000 F800
G1 X-1.285 Y3.955 Z44.563 E50.4200 F800
G1 X-1.006 Y4.035 Z44.563 E50.4400 F800
G1 X-0.722 Y4.095 Z44.563 E50.4600 F800
G1 X-0.435 Y4.135 Z44.563 E50.4800 F800
G1 X-0.145 Y4.156 Z44.563 E50.5000 F800
G1 X0.145 Y4.156 Z44.563 E50.5200 F800
G1 X0.435 Y4.135 Z44.563 E50.5400 F800
G1 X0.722 Y4.095 Z44.563 E50.5600 F800
G1 X1.006 Y4.035 Z44.563 E50.5800 F800
G1 X1.285 Y3.955 Z44.563 E50.6000 F800
G1 X1.558 Y3.855 Z44.563 E50.6200 F800
G1 X1.823 Y3.737 Z44.563 E50.6400 F800
G1 X2.079 Y3.601 Z44.563 E50.6600 F800
G1 X2.325 Y3.447 Z44.563 E50.6800 F800
G1 X2.560 Y3.277 Z44.563 E50.7000 F800
G1 X2.782 Y3.090 Z44.563 E50.7200 F800
G1 X2.991 Y2.889 Z44.563 E50.7400 F800
G1 X3.185 Y2.673 Z44.563 E50.7600 F800
G1 X3.364 Y2.444 Z44.563 E50.7800 F800
G1 X3.526 Y2.204 Z44.563 E50.8000 F800
G1 X3.672 Y1.952 Z44.563 E50.8200 F800
G1 X3.799 Y1.691 Z44.563 E50.8400 F800
G1 X3.907 Y1.422 Z44.563 E50.8600 F800
G1 X3.997 Y1.146 Z44.563 E50.8800 F800
G1 X4.067 Y0.865 Z44.563 E50.9000 F800
G1 X4.118 Y0.579 Z44.563 E50.9200 F800
G1 X4.148 Y0.290 Z44.563 E50.9400 F800
G1 X4.158 Y0.000 Z44.563 E50.9600 F800
G1 X2.091 Y0.000 Z44.890 E50.9800 F800
G1 X2.085 Y0.146 Z44.890 E51.0000 F800
G1 X2.070 Y0.291 Z44.890 E51.0200 F800
G1 X2.045 Y0.435 Z44.890 E51.0400 F800
G1 X2.010 Y0.576 Z44.890 E51.0600 F800
G1 X1.964 Y0.715 Z44.890 E51.0800 F800
G1 X1.910 Y0.850 Z44.890 E51.1000 F800
G1 X1.846 Y0.981 Z44.890 E51.1200 F800
G1 X1.773 Y1.108 Z44.890 E51.1400 F800
G1 X1.691 Y1.229 Z44.890 E51.1600 F800
G1 X1.601 Y1.344 Z44.890 E51.1800 F800
G1 X1.504 Y1.452 Z44.890 E51.2000 F800
G1 X1.399 Y1.554 Z44.890 E51.2200 F800
G1 X1.287 Y1.647 Z44.890 E51.2400 F800
G1 X1.169 Y1.733 Z44.890 E51.2600 F800
G1 X1.045 Y1.810 Z44.890 E51.2800 F800
G1 X0.916 Y1.879 Z44.890 E51.3000 F800
G1 X0.783 Y1.938 Z44.890 E51.3200 F800
G1 X0.646 Y1.988 Z44.890 E51.3400 F800
G1 X0.506 Y2.028 Z44.890 E51.3600 F800
G1 X0.363 Y2.059 Z44.890 E51.3800 F800
G1 X0.219 Y2.079 Z44.890 E51.4000 F800
G1 X0.073 Y2.089 Z44.890 E51.4200 F800
G1 X-0.073 Y2.089 Z44.890 E51.4400 F800
G1 X-0.219 Y2.079 Z44.890 E51.4600 F800
G1 X-0.363 Y2.059 Z44.890 E51.4800 F800
G1 X-0.506 Y2.028 Z44.890 E51.5000 F800
G1 X-0.646 Y1.988 Z44.890 E51.5200 F800
G1 X-0.783 Y1.938 Z44.890 E51.5400 F800
G1 X-0.916 Y1.879 Z44.890 E51.5600 F800
G1 X-1.045 Y1.810 Z44.890 E51.5800 F800
G1 X-1.169 Y1.733 Z44.890 E51.6000 F800
G1 X-1.287 Y1.647 Z44.890 E51.6200 F800
G1 X-1.399 Y1.554 Z44.890 E51.6400 F800
G1 X-1.504 Y1.452 Z44.890 E51.6600 F800
G1 X-1.601 Y1.344 Z44.890 E51.6800 F800
G1 X-1.691 Y1.229 Z44.890 E51.7000 F800
G1 X-1.773 Y1.108 Z44.890 E51.7200 F800
G1 X-1.846 Y0.981 Z44.890 E51.7400 F800
G1 X-1.910 Y0.850 Z44.890 E51.7600 F800
G1 X-1.964 Y0.715 Z44.890 E51.7800 F800
G1 X-2.010 Y0.576 Z44.890 E51.8000 F800
G1 X-2.045 Y0.435 Z44.890 E51.8200 F800
G1 X-2.070 Y0.291 Z44.890 E51.8400 F800
G1 X-2.085 Y0.146 Z44.890 E51.8600 F800
G1 X-2.091 Y0.000 Z44.890 E51.8800 F800
G1 X-2.085 Y-0.146 Z44.890 E51.9000 F800
G1 X-2.070 Y-0.291 Z44.890 E51.9200 F800
G1 X-2.045 Y-0.435 Z44.890 E51.9400 F800
G1 X-2.010 Y-0.576 Z44.890 E51.9600 F800
G1 X-1.964 Y-0.715 Z44.890 E51.9800 F800
G1 X-1.910 Y-0.850 Z44.890 E52.0000 F800
G1 X-1.846 Y-0.981 Z44.890 E52.0200 F800
G1 X-1.773 Y-1.108 Z44.890 E52.0400 F800
G1 X-1.691 Y-1.229 Z44.890 E52.0600 F800
G1 X-1.601 Y-1.344 Z44.890 E52.0800 F800
G1 X-1.504 Y-1.452 Z44.890 E52.1000 F800
G1 X-1.399 Y-1.554 Z44.890 E52.1200 F800
G1 X-1.287 Y-1.647 Z44.890 E52.1400 F800
G1 X-1.169 Y-1.733 Z44.890 E52.1600 F800
G1 X-1.045 Y-1.810 Z44.890 E52.1800 F800
G1 X-0.916 Y-1.879 Z44.890 E52.2000 F800
G1 X-0.783 Y-1.938 Z44.890 E52.2200 F800
G1 X-0.646 Y-1.988 Z44.890 E52.2400 F800
G1 X-0.506 Y-2.028 Z44.890 E52.2600 F800
G1 X-0.363 Y-2.059 Z44.890 E52.2800 F800
G1 X-0.219 Y-2.079 Z44.890 E52.3000 F800
G1 X-0.073 Y-2.089 Z44.890 E52.3200 F800
G1 X0.073 Y-2.089 Z44.890 E52.3400 F800
G1 X0.219 Y-2.079 Z44.890 E52.3600 F800
G1 X0.363 Y-2.059 Z44.890 E52.3800 F800
G1 X0.506 Y-2.028 Z44.890 E52.4000 F800
G1 X0.646 Y-1.988 Z44.890 E52.4200 F800
G1 X0.783 Y-1.938 Z44.890 E52.4400 F800
G1 X0.916 Y-1.879 Z44.890 E52.4600 F800
G1 X1.045 Y-1.810 Z44.890 E52.4800 F800
G1 X1.169 Y-1.733 Z44.890 E52.5000 F800
G1 X1.287 Y-1.647 Z44.890 E52.5200 F800
G1 X1.399 Y-1.554 Z44.890 E52.5400 F800
G1 X1.504 Y-1.452 Z44.890 E52.5600 F800
G1 X1.601 Y-1.344 Z44.890 E52.5800 F800
G1 X1.691 Y-1.229 Z44.890 E52.6000 F800
G1 X1.773 Y-1.108 Z44.890 E52.6200 F800
G1 X1.846 Y-0.981 Z44.890 E52.6400 F800
G1 X1.910 Y-0.850 Z44.890 E52.6600 F800
G1 X1.964 Y-0.715 Z44.890 E52.6800 F800
G1 X2.010 Y-0.576 Z44.890 E52.7000 F800
G1 X2.045 Y-0.435 Z44.890 E52.7200 F800
G1 X2.070 Y-0.291 Z44.890 E52.7400 F800
G1 X2.085 Y-0.146 Z44.890 E52.7600 F800
G1 X2.091 Y-0.000 Z44.890 E52.7800 F800
G1 X0.000 Y-0.000 Z45.000 E52.8000 F800
G1 X0.000 Y-0.000 Z45.000 E52.8200 F800
G1 X0.000 Y-0.000 Z45.000 E52.8400 F800
G1 X0.000 Y-0.000 Z45.000 E52.8600 F800
G1 X0.000 Y-0.000 Z45.000 E52.8800 F800
G1 X0.000 Y-0.000 Z45.000 E52.9000 F800
G1 X0.000 Y-0.000 Z45.000 E52.9200 F800
G1 X0.000 Y-0.000 Z45.000 E52.9400 F800
G1 X0.000 Y-0.000 Z45.000 E52.9600 F800
G1 X0.000 Y-0.000 Z45.000 E52.9800 F800
G1 X0.000 Y-0.000 Z45.000 E53.0000 F800
G1 X0.000 Y-0.000 Z45.000 E53.0200 F800
G1 X0.000 Y-0.000 Z45.000 E53.0400 F800
G1 X0.000 Y-0.000 Z45.000 E53.0600 F800
G1 X0.000 Y-0.000 Z45.000 E53.0800 F800
G1 X0.000 Y-0.000 Z45.000 E53.1000 F800
G1 X0.000 Y-0.000 Z45.000 E53.1200 F800
G1 X0.000 Y-0.000 Z45.000 E53.1400 F800
G1 X0.000 Y-0.000 Z45.000 E53.1600 F800
G1 X0.000 Y-0.000 Z45.000 E53.1800 F800
G1 X0.000 Y-0.000 Z45.000 E53.2000 F800
G1 X0.000 Y-0.000 Z45.000 E53.2200 F800
G1 X0.000 Y-0.000 Z45.000 E53.2400 F800
G1 X-0.000 Y-0.000 Z45.000 E53.2600 F800
G1 X-0.000 Y-0.000 Z45.000 E53.2800 F800
G1 X-0.000 Y-0.000 Z45.000 E53.3000 F800
G1 X-0.000 Y-0.000 Z45.000 E53.3200 F800
G1 X-0.000 Y-0.000 Z45.000 E53.3400 F800
G1 X-0.000 Y-0.000 Z45.000 E53.3600 F800
G1 X-0.000 Y-0.000 Z45.000 E53.3800 F800
G1 X-0.000 Y-0.000 Z45.000 E53.4000 F800
G1 X-0.000 Y-0.000 Z45.000 E53.4200 F800
G1 X-0.000 Y-0.000 Z45.000 E53.4400 F800
G1 X-0.000 Y-0.000 Z45.000 E53.4600 F800
G1 X-0.000 Y-0.000 Z45.000 E53.4800 F800
G1 X-0.000 Y-0.000 Z45.000 E53.5000 F800
G1 X-0.000 Y-0.000 Z45.000 E53.5200 F800
G1 X-0.000 Y-0.000 Z45.000 E53.5400 F800
G1 X-0.000 Y-0.000 Z45.000 E53.5600 F800
G1 X-0.000 Y-0.000 Z45.000 E53.5800 F800
G1 X-0.000 Y-0.000 Z45.000 E53.6000 F800
G1 X-0.000 Y-0.000 Z45.000 E53.6200 F800
G1 X-0.000 Y-0.000 Z45.000 E53.6400 F800
G1 X-0.000 Y-0.000 Z45.000 E53.6600 F800
G1 X-0.000 Y-0.000 Z45.000 E53.6800 F800
G1 X-0.000 Y0.000 Z45.000 E53.7000 F800
G1 X-0.000 Y0.000 Z45.000 E53.7200 F800
G1 X-0.000 Y0.000 Z45.000 E53.7400 F800
G1 X-0.000 Y0.000 Z45.000 E53.7600 F800
G1 X-0.000 Y0.000 Z45.000 E53.7800 F800
G1 X-0.000 Y0.000 Z45.000 E53.8000 F800
G1 X-0.000 Y0.000 Z45.000 E53.8200 F800
G1 X-0.000 Y0.000 Z45.000 E53.8400 F800
G1 X-0.000 Y0.000 Z45.000 E53.8600 F800
G1 X-0.000 Y0.000 Z45.000 E53.8800 F800
G1 X-0.000 Y0.000 Z45.000 E53.9000 F800
G1 X-0.000 Y0.000 Z45.000 E53.9200 F800
G1 X-0.000 Y0.000 Z45.000 E53.9400 F800
G1 X-0.000 Y0.000 Z45.000 E53.9600 F800
G1 X-0.000 Y0.000 Z45.000 E53.9800 F800
G1 X-0.000 Y0.000 Z45.000 E54.0000 F800
G1 X-0.000 Y0.000 Z45.000 E54.0200 F800
G1 X-0.000 Y0.000 Z45.000 E54.0400 F800
G1 X-0.000 Y0.000 Z45.000 E54.0600 F800
G1 X-0.000 Y0.000 Z45.000 E54.0800 F800
G1 X-0.000 Y0.000 Z45.000 E54.1000 F800
G1 X-0.000 Y0.000 Z45.000 E54.1200 F800
G1 X-0.000 Y0.000 Z45.000 E54.1400 F800
G1 X0.000 Y0.000 Z45.000 E54.1600 F800
G1 X0.000 Y0.000 Z45.000 E54.1800 F800
G1 X0.000 Y0.000 Z45.000 E54.2000 F800
G1 X0.000 Y0.000 Z45.000 E54.2200 F800
G1 X0.000 Y0.000 Z45.000 E54.2400 F800
G1 X0.000 Y0.000 Z45.000 E54.2600 F800
G1 X0.000 Y0.000 Z45.000 E54.2800 F800
G1 X0.000 Y0.000 Z45.000 E54.3000 F800
G1 X0.000 Y0.000 Z45.000 E54.3200 F800
G1 X0.000 Y0.000 Z45.000 E54.3400 F800
G1 X0.000 Y0.000 Z45.000 E54.3600 F800
G1 X0.000 Y0.000 Z45.000 E54.3800 F800
G1 X0.000 Y0.000 Z45.000 E54.4000 F800
G1 X0.000 Y0.000 Z45.000 E54.4200 F800
G1 X0.000 Y0.000 Z45.000 E54.4400 F800
G1 X0.000 Y0.000 Z45.000 E54.4600 F800
G1 X0.000 Y0.000 Z45.000 E54.4800 F800
G1 X0.000 Y0.000 Z45.000 E54.5000 F800
G1 X0.000 Y0.000 Z45.000 E54.5200 F800
G1 X0.000 Y0.000 Z45.000 E54.5400 F800
G1 X0.000 Y0.000 Z45.000 E54.5600 F800
G1 X0.000 Y0.000 Z45.000 E54.5800 F800
G1 X0.000 Y0.000 Z45.000 E54.6000 F800